"id","timeStamp","currentTime","timeDiff","unixTime","currentR1","currentS2","currentT3","currentAverageR1","currentAverageS2","currentAverageT3","temp0","temp1","temp2","temp3","temp4","temp5","pulses","event"
"7485","2012-03-27 00:00:02","2012-03-26 23:59:27","35","1332806367","0.01","0","0.79","0.01","0","0.77","26.44","26.5","0","0","0","0","0","cron"
"7486","2012-03-27 00:02:01","2012-03-27 00:01:27","34","1332806487","0.01","0","0.77","0.01","0","0.77","26.44","26.44","0","0","0","0","0","cron"
"7487","2012-03-27 00:04:02","2012-03-27 00:03:27","35","1332806607","0.01","0","0.77","0.01","0","0.78","26.44","26.37","0","0","0","0","0","cron"
"7488","2012-03-27 00:06:02","2012-03-27 00:05:26","36","1332806726","0.01","0","0.79","0.01","0","0.78","26.5","26.44","0","0","0","0","0","cron"
"7489","2012-03-27 00:08:01","2012-03-27 00:07:25","36","1332806845","0.01","0","0.79","0.01","0","0.78","26.44","26.44","0","0","0","0","0","cron"
"7490","2012-03-27 00:10:02","2012-03-27 00:09:26","36","1332806966","0.01","0","0.78","0.01","0","0.78","26.44","26.44","0","0","0","0","0","cron"
"7491","2012-03-27 00:12:02","2012-03-27 00:11:25","36","1332807085","0","0","0.77","0.01","0","0.77","26.44","26.31","0","0","0","0","0","cron"
"7492","2012-03-27 00:14:01","2012-03-27 00:13:25","36","1332807205","0.01","5.12","0.78","0.01","0","0.78","26.31","26.44","0","0","0","0","0","cron"
"7493","2012-03-27 00:16:02","2012-03-27 00:15:25","37","1332807325","0.01","0","0.78","0.01","2.82","0.77","26.56","26.69","0","0","0","0","0","cron"
"7494","2012-03-27 00:18:01","2012-03-27 00:17:25","36","1332807445","0.01","0","0.79","0.01","1.59","0.78","26.69","26.69","0","0","0","0","0","cron"
"7495","2012-03-27 00:20:02","2012-03-27 00:19:25","37","1332807565","0.02","0","0.76","0.01","0","0.78","26.69","26.56","0","0","0","0","0","cron"
"7496","2012-03-27 00:22:01","2012-03-27 00:21:25","36","1332807685","0.01","0","0.79","0.01","0","0.78","26.56","26.56","0","0","0","0","0","cron"
"7497","2012-03-27 00:24:01","2012-03-27 00:23:24","37","1332807804","0.01","0","0.76","0.01","0","0.78","26.56","26.44","0","0","0","0","0","cron"
"7498","2012-03-27 00:26:02","2012-03-27 00:25:25","37","1332807925","0.01","0","0.78","0.01","0","0.78","26.5","26.5","0","0","0","0","0","cron"
"7499","2012-03-27 00:28:01","2012-03-27 00:27:24","37","1332808044","0.01","0","0.79","0.01","0","0.78","26.5","26.44","0","0","0","0","0","cron"
"7500","2012-03-27 00:30:02","2012-03-27 00:29:25","37","1332808165","0","0","0.77","0.01","0","0.78","26.56","26.44","0","0","0","0","0","cron"
"7501","2012-03-27 00:32:01","2012-03-27 00:31:24","37","1332808284","0","0","0.79","0.01","0","0.78","26.5","26.5","0","0","0","0","0","cron"
"7502","2012-03-27 00:34:02","2012-03-27 00:33:25","37","1332808405","0","0","0.78","0.01","0","0.78","26.44","26.44","0","0","0","0","0","cron"
"7503","2012-03-27 00:36:02","2012-03-27 00:35:24","37","1332808524","0","0","0.77","0.01","0","0.78","26.44","26.44","0","0","0","0","0","cron"
"7504","2012-03-27 00:38:01","2012-03-27 00:37:24","37","1332808644","0.01","0","0.77","0.01","0","0.78","26.37","26.37","0","0","0","0","0","cron"
"7505","2012-03-27 00:40:02","2012-03-27 00:39:24","38","1332808764","0.01","0","0.74","0.01","0","0.77","26.37","26.37","0","0","0","0","0","cron"
"7506","2012-03-27 00:42:01","2012-03-27 00:41:24","37","1332808884","0.01","0","0.77","0.01","0","0.77","26.44","26.44","0","0","0","0","0","cron"
"7507","2012-03-27 00:44:02","2012-03-27 00:43:24","38","1332809004","0.02","0","0.77","0.01","0","0.77","26.37","26.44","0","0","0","0","0","cron"
"7508","2012-03-27 00:46:01","2012-03-27 00:45:24","37","1332809124","0.01","0","0.76","0.01","0","0.78","26.44","26.37","0","0","0","0","0","cron"
"7509","2012-03-27 00:48:01","2012-03-27 00:47:23","38","1332809243","0.02","0","0.79","0.01","0","0.78","26.31","26.37","0","0","0","0","0","cron"
"7510","2012-03-27 00:50:02","2012-03-27 00:49:24","38","1332809364","0","0","0.76","0.01","0","0.78","26.37","26.37","0","0","0","0","0","cron"
"7511","2012-03-27 00:52:01","2012-03-27 00:51:23","38","1332809483","0","0","0.78","0.01","0","0.78","26.44","26.37","0","0","0","0","0","cron"
"7512","2012-03-27 00:54:02","2012-03-27 00:53:23","39","1332809603","0","0","0.77","0","0","0.77","26.31","26.31","0","0","0","0","0","cron"
"7513","2012-03-27 00:56:01","2012-03-27 00:55:23","38","1332809723","0","5.21","0.78","0","0","0.77","26.31","26.31","0","0","0","0","0","cron"
"7514","2012-03-27 00:58:01","2012-03-27 00:57:22","39","1332809842","0.01","5.04","0.77","0","0.98","0.77","26.31","26.56","0","0","0","0","0","cron"
"7515","2012-03-27 01:00:02","2012-03-27 00:59:23","39","1332809963","0","0","0.79","0","5.07","0.77","26.62","26.75","0","0","0","0","0","cron"
"7516","2012-03-27 01:02:01","2012-03-27 01:01:22","39","1332810082","0","0","0.76","0","0.26","0.77","26.5","26.62","0","0","0","0","0","cron"
"7517","2012-03-27 01:04:02","2012-03-27 01:03:23","39","1332810203","0.01","0","0.79","0","0","0.78","26.5","26.56","0","0","0","0","0","cron"
"7518","2012-03-27 01:06:02","2012-03-27 01:05:22","40","1332810322","0","0","0.77","0","0","0.78","26.5","26.5","0","0","0","0","0","cron"
"7519","2012-03-27 01:08:01","2012-03-27 01:07:21","40","1332810441","0","0","0.79","0","0","0.78","26.44","26.44","0","0","0","0","0","cron"
"7520","2012-03-27 01:10:02","2012-03-27 01:09:22","40","1332810562","0","0","0.79","0","0","0.78","26.44","26.37","0","0","0","0","0","cron"
"7521","2012-03-27 01:12:02","2012-03-27 01:11:21","41","1332810681","0","0","0.78","0","0","0.78","26.44","26.44","0","0","0","0","0","cron"
"7522","2012-03-27 01:14:01","2012-03-27 01:13:21","40","1332810801","0","0","0.78","0","0","0.78","26.44","26.37","0","0","0","0","0","cron"
"7523","2012-03-27 01:16:02","2012-03-27 01:15:21","41","1332810921","0","0","0.79","0","0","0.78","26.37","26.37","0","0","0","0","0","cron"
"7524","2012-03-27 01:18:01","2012-03-27 01:17:21","40","1332811041","0","0","0.78","0","0","0.79","26.37","26.31","0","0","0","0","0","cron"
"7525","2012-03-27 01:20:02","2012-03-27 01:19:21","41","1332811161","0","0","0.77","0","0","0.78","26.37","26.37","0","0","0","0","0","cron"
"7526","2012-03-27 01:22:02","2012-03-27 01:21:21","40","1332811281","0.01","0","0.79","0","0","0.78","26.44","26.44","0","0","0","0","0","cron"
"7527","2012-03-27 01:24:01","2012-03-27 01:23:20","41","1332811400","0","0","0.77","0","0","0.78","26.44","26.37","0","0","0","0","0","cron"
"7528","2012-03-27 01:26:02","2012-03-27 01:25:21","41","1332811521","0","0","0.8","0","0","0.78","26.37","26.31","0","0","0","0","0","cron"
"7529","2012-03-27 01:28:01","2012-03-27 01:27:20","41","1332811640","0","0","0.77","0","0","0.78","26.31","26.31","0","0","0","0","0","cron"
"7530","2012-03-27 01:30:02","2012-03-27 01:29:21","41","1332811761","0","0","0.78","0","0","0.79","26.37","26.31","0","0","0","0","0","cron"
"7531","2012-03-27 01:32:01","2012-03-27 01:31:20","41","1332811880","0","0","0.77","0","0","0.78","26.31","26.25","0","0","0","0","0","cron"
"7532","2012-03-27 01:34:02","2012-03-27 01:33:21","41","1332812001","0","0","0.79","0","0","0.78","26.31","26.31","0","0","0","0","0","cron"
"7533","2012-03-27 01:36:02","2012-03-27 01:35:20","42","1332812120","0.01","0","0.8","0","0","0.79","26.31","26.25","0","0","0","0","0","cron"
"7534","2012-03-27 01:38:01","2012-03-27 01:37:20","41","1332812240","0","0","0.77","0","0","0.78","26.31","26.31","0","0","0","0","0","cron"
"7535","2012-03-27 01:40:02","2012-03-27 01:39:20","42","1332812360","0","5.19","0.77","0","0","0.78","26.25","26.31","0","0","0","0","0","cron"
"7536","2012-03-27 01:42:01","2012-03-27 01:41:20","41","1332812480","0","0","0.77","0","1.22","0.78","26.37","26.56","0","0","0","0","0","cron"
"7537","2012-03-27 01:44:02","2012-03-27 01:43:20","42","1332812600","0","0","0.79","0","2.15","0.78","26.44","26.44","0","0","0","0","0","cron"
"7538","2012-03-27 01:46:02","2012-03-27 01:45:20","42","1332812720","0","0","0.78","0","0","0.77","26.37","26.44","0","0","0","0","0","cron"
"7539","2012-03-27 01:48:01","2012-03-27 01:47:19","42","1332812839","0","0","0.78","0","0","0.77","26.44","26.44","0","0","0","0","0","cron"
"7540","2012-03-27 01:50:02","2012-03-27 01:49:20","42","1332812960","0","0","0.79","0","0","0.78","26.37","26.37","0","0","0","0","0","cron"
"7541","2012-03-27 01:52:01","2012-03-27 01:51:19","42","1332813079","0","0","0.77","0","0","0.77","26.44","26.37","0","0","0","0","0","cron"
"7542","2012-03-27 01:54:01","2012-03-27 01:53:19","42","1332813199","0","0","0.75","0","0","0.77","26.31","26.31","0","0","0","0","0","cron"
"7543","2012-03-27 01:56:02","2012-03-27 01:55:19","43","1332813319","0","0","0.78","0","0","0.77","26.31","26.31","0","0","0","0","0","cron"
"7544","2012-03-27 01:58:01","2012-03-27 01:57:19","42","1332813439","0","0","0.76","0","0","0.77","26.25","26.31","0","0","0","0","0","cron"
"7545","2012-03-27 02:00:02","2012-03-27 01:59:19","43","1332813559","0","0","0.76","0","0","0.77","26.25","26.37","0","0","0","0","0","cron"
"7546","2012-03-27 02:02:01","2012-03-27 02:01:19","42","1332813679","0","0","0.76","0","0","0.77","26.37","26.37","0","0","0","0","0","cron"
"7547","2012-03-27 02:04:01","2012-03-27 02:03:18","43","1332813798","0","0","0.76","0","0","0.77","26.25","26.31","0","0","0","0","0","cron"
"7548","2012-03-27 02:06:02","2012-03-27 02:05:18","44","1332813918","0","0","0.79","0","0","0.77","26.25","26.37","0","0","0","0","0","cron"
"7549","2012-03-27 02:08:01","2012-03-27 02:07:18","43","1332814038","0","0","0.8","0","0","0.78","26.25","26.31","0","0","0","0","0","cron"
"7550","2012-03-27 02:10:01","2012-03-27 02:09:17","44","1332814157","0","0","0.78","0","0","0.78","26.25","26.31","0","0","0","0","0","cron"
"7551","2012-03-27 02:12:02","2012-03-27 02:11:18","44","1332814278","0","0","0.77","0","0","0.78","26.25","26.25","0","0","0","0","0","cron"
"7552","2012-03-27 02:14:01","2012-03-27 02:13:17","44","1332814397","0","0","0.79","0","0","0.78","26.25","26.31","0","0","0","0","0","cron"
"7553","2012-03-27 02:16:02","2012-03-27 02:15:18","44","1332814518","0","0","0.78","0","0","0.78","26.19","26.31","0","0","0","0","0","cron"
"7554","2012-03-27 02:18:01","2012-03-27 02:17:17","44","1332814637","0","0","0.79","0","0","0.78","26.25","26.25","0","0","0","0","0","cron"
"7555","2012-03-27 02:20:02","2012-03-27 02:19:18","44","1332814758","0","0","0.77","0","0","0.78","26.19","26.25","0","0","0","0","0","cron"
"7556","2012-03-27 02:22:02","2012-03-27 02:21:17","45","1332814877","0","5.02","0.78","0","0","0.78","26.12","26.25","0","0","0","0","0","cron"
"7557","2012-03-27 02:24:01","2012-03-27 02:23:16","45","1332814996","0","0","0.8","0","1.98","0.78","26.37","26.56","0","0","0","0","0","cron"
"7558","2012-03-27 02:26:02","2012-03-27 02:25:17","45","1332815117","0","0","0.78","0","2.89","0.79","26.44","26.5","0","0","0","0","0","cron"
"7559","2012-03-27 02:28:01","2012-03-27 02:27:16","45","1332815236","0","0","0.79","0","0","0.78","26.44","26.44","0","0","0","0","0","cron"
"7560","2012-03-27 02:30:02","2012-03-27 02:29:17","45","1332815357","0","0","0.77","0","0","0.78","26.37","26.37","0","0","0","0","0","cron"
"7561","2012-03-27 02:32:02","2012-03-27 02:31:16","46","1332815476","0","0","0.76","0","0","0.78","26.44","26.37","0","0","0","0","0","cron"
"7562","2012-03-27 02:34:01","2012-03-27 02:33:16","45","1332815596","0","0","0.81","0","0","0.78","26.37","26.37","0","0","0","0","0","cron"
"7563","2012-03-27 02:36:02","2012-03-27 02:35:16","46","1332815716","0","0","0.77","0","0","0.79","26.31","26.37","0","0","0","0","0","cron"
"7564","2012-03-27 02:38:01","2012-03-27 02:37:16","45","1332815836","0","0","0.77","0","0","0.78","26.31","26.31","0","0","0","0","0","cron"
"7565","2012-03-27 02:40:02","2012-03-27 02:39:16","46","1332815956","0","0","0.78","0","0","0.78","26.37","26.37","0","0","0","0","0","cron"
"7566","2012-03-27 02:42:02","2012-03-27 02:41:16","46","1332816076","0","0","0.79","0","0","0.78","26.31","26.31","0","0","0","0","0","cron"
"7567","2012-03-27 02:44:01","2012-03-27 02:43:15","46","1332816195","0","0","0.76","0","0","0.78","26.25","26.31","0","0","0","0","0","cron"
"7568","2012-03-27 02:46:02","2012-03-27 02:45:16","46","1332816316","0","0","0.76","0","0","0.78","26.25","26.25","0","0","0","0","0","cron"
"7569","2012-03-27 02:48:01","2012-03-27 02:47:15","46","1332816435","0.01","0","0.8","0","0","0.78","26.25","26.19","0","0","0","0","0","cron"
"7570","2012-03-27 02:50:02","2012-03-27 02:49:16","46","1332816556","0","0","0.76","0","0","0.78","26.19","26.25","0","0","0","0","0","cron"
"7571","2012-03-27 02:52:02","2012-03-27 02:51:15","46","1332816675","0","0","0.79","0","0","0.78","26.19","26.19","0","0","0","0","0","cron"
"7572","2012-03-27 02:54:01","2012-03-27 02:53:15","46","1332816795","0.01","0","0.76","0","0","0.77","26.19","26.19","0","0","0","0","0","cron"
"7573","2012-03-27 02:56:02","2012-03-27 02:55:15","47","1332816915","0","0","0.77","0","0","0.77","26.19","26.25","0","0","0","0","0","cron"
"7574","2012-03-27 02:58:01","2012-03-27 02:57:15","46","1332817035","0","0","0.75","0","0","0.77","26.19","26.25","0","0","0","0","0","cron"
"7575","2012-03-27 03:00:02","2012-03-27 02:59:15","47","1332817155","0.01","0","0.78","0","0","0.77","26.19","26.25","0","0","0","0","0","cron"
"7576","2012-03-27 03:02:02","2012-03-27 03:01:15","47","1332817275","0","0","0.76","0","0","0.77","26.12","26.19","0","0","0","0","0","cron"
"7577","2012-03-27 03:04:01","2012-03-27 03:03:14","47","1332817394","0","5.08","0.78","0","0","0.77","26.12","26.19","0","0","0","0","0","cron"
"7578","2012-03-27 03:06:01","2012-03-27 03:05:13","48","1332817513","0","0","0.79","0","0.75","0.77","26.37","26.5","0","0","0","0","0","cron"
"7579","2012-03-27 03:08:02","2012-03-27 03:07:14","48","1332817634","0","0","0.77","0","3.91","0.78","26.44","26.44","0","0","0","0","0","cron"
"7580","2012-03-27 03:10:02","2012-03-27 03:09:14","48","1332817754","0","0","0.79","0","0","0.78","26.31","26.37","0","0","0","0","0","cron"
"7581","2012-03-27 03:12:01","2012-03-27 03:11:13","48","1332817873","0.01","0","0.77","0","0","0.78","26.31","26.37","0","0","0","0","0","cron"
"7582","2012-03-27 03:14:02","2012-03-27 03:13:14","48","1332817994","0.01","0","0.77","0","0","0.78","26.31","26.31","0","0","0","0","0","cron"
"7583","2012-03-27 03:16:01","2012-03-27 03:15:13","48","1332818113","0","0","0.79","0","0","0.78","26.25","26.31","0","0","0","0","0","cron"
"7584","2012-03-27 03:18:02","2012-03-27 03:17:13","49","1332818233","0","0","0.79","0","0","0.78","26.31","26.19","0","0","0","0","0","cron"
"7585","2012-03-27 03:20:02","2012-03-27 03:19:13","49","1332818353","0","0","0.78","0","0","0.78","26.25","26.25","0","0","0","0","0","cron"
"7586","2012-03-27 03:22:01","2012-03-27 03:21:13","48","1332818473","0","0","0.77","0","0","0.78","26.19","26.19","0","0","0","0","0","cron"
"7587","2012-03-27 03:24:02","2012-03-27 03:23:13","49","1332818593","0","0","0.75","0","0","0.78","26.25","26.19","0","0","0","0","0","cron"
"7588","2012-03-27 03:26:01","2012-03-27 03:25:12","49","1332818712","0","0","0.78","0","0","0.77","26.19","26.25","0","0","0","0","0","cron"
"7589","2012-03-27 03:28:02","2012-03-27 03:27:13","49","1332818833","0","0","0.77","0","0","0.77","26.19","26.19","0","0","0","0","0","cron"
"7590","2012-03-27 03:30:02","2012-03-27 03:29:12","50","1332818952","0","0","0.79","0","0","0.77","26.19","26.25","0","0","0","0","0","cron"
"7591","2012-03-27 03:32:01","2012-03-27 03:31:12","49","1332819072","0","0","0.78","0","0","0.77","26.19","26.19","0","0","0","0","0","cron"
"7592","2012-03-27 03:34:02","2012-03-27 03:33:12","50","1332819192","0","0","0.76","0","0","0.77","26.19","26.19","0","0","0","0","0","cron"
"7593","2012-03-27 03:36:01","2012-03-27 03:35:12","49","1332819312","0","0","0.77","0","0","0.77","26.25","26.19","0","0","0","0","0","cron"
"7594","2012-03-27 03:38:02","2012-03-27 03:37:12","50","1332819432","0","0","0.74","0","0","0.77","26.25","26.12","0","0","0","0","0","cron"
"7595","2012-03-27 03:40:02","2012-03-27 03:39:12","49","1332819552","0","0","0.78","0","0","0.77","26.12","26.12","0","0","0","0","0","cron"
"7596","2012-03-27 03:42:01","2012-03-27 03:41:11","50","1332819671","0","0","0.77","0","0","0.77","26.19","26.12","0","0","0","0","0","cron"
"7597","2012-03-27 03:44:02","2012-03-27 03:43:12","50","1332819792","0","0","0.77","0","0","0.77","26.19","26.06","0","0","0","0","0","cron"
"7598","2012-03-27 03:46:01","2012-03-27 03:45:11","50","1332819911","0","0","0.76","0","0","0.77","26.12","26.12","0","0","0","0","0","cron"
"7599","2012-03-27 03:48:02","2012-03-27 03:47:12","50","1332820032","0","4.99","0.77","0","0","0.77","26.19","26.31","0","0","0","0","0","cron"
"7600","2012-03-27 03:50:02","2012-03-27 03:49:11","50","1332820151","0","0","0.8","0","4.84","0.77","26.37","26.5","0","0","0","0","0","cron"
"7601","2012-03-27 03:52:01","2012-03-27 03:51:11","50","1332820271","0","0","0.76","0","0.43","0.77","26.31","26.37","0","0","0","0","0","cron"
"7602","2012-03-27 03:54:02","2012-03-27 03:53:11","51","1332820391","0","0","0.76","0","0","0.77","26.25","26.31","0","0","0","0","0","cron"
"7603","2012-03-27 03:56:01","2012-03-27 03:55:11","50","1332820511","0","0","0.79","0","0","0.77","26.25","26.19","0","0","0","0","0","cron"
"7604","2012-03-27 03:58:02","2012-03-27 03:57:11","51","1332820631","0","0","0.76","0","0","0.77","26.25","26.31","0","0","0","0","0","cron"
"7605","2012-03-27 04:00:02","2012-03-27 03:59:11","50","1332820751","0","0","0.8","0","0","0.77","26.25","26.25","0","0","0","0","0","cron"
"7606","2012-03-27 04:02:01","2012-03-27 04:01:10","51","1332820870","0","0","0.76","0","0","0.77","26.25","26.19","0","0","0","0","0","cron"
"7607","2012-03-27 04:04:02","2012-03-27 04:03:11","51","1332820991","0","0","0.77","0","0","0.77","26.19","26.19","0","0","0","0","0","cron"
"7608","2012-03-27 04:06:02","2012-03-27 04:05:10","51","1332821110","0","0","0.77","0","0","0.77","26.19","26.12","0","0","0","0","0","cron"
"7609","2012-03-27 04:08:01","2012-03-27 04:07:09","52","1332821229","0","0","0.79","0","0","0.77","26.12","26.19","0","0","0","0","0","cron"
"7610","2012-03-27 04:10:02","2012-03-27 04:09:10","52","1332821350","0","0","0.79","0","0","0.77","26.19","26.12","0","0","0","0","0","cron"
"7611","2012-03-27 04:12:01","2012-03-27 04:11:09","52","1332821469","0","0","0.78","0","0","0.77","26.12","26.06","0","0","0","0","0","cron"
"7612","2012-03-27 04:14:02","2012-03-27 04:13:10","52","1332821590","0","0","0.79","0","0","0.77","26.06","26.12","0","0","0","0","0","cron"
"7613","2012-03-27 04:16:02","2012-03-27 04:15:09","52","1332821709","0","0","0.76","0","0","0.77","26.12","26.12","0","0","0","0","0","cron"
"7614","2012-03-27 04:18:01","2012-03-27 04:17:09","52","1332821829","0.01","0","0.77","0","0","0.78","26.12","26.06","0","0","0","0","0","cron"
"7615","2012-03-27 04:20:02","2012-03-27 04:19:09","53","1332821949","0","0","0.78","0","0","0.77","26.06","26.12","0","0","0","0","0","cron"
"7616","2012-03-27 04:22:01","2012-03-27 04:21:09","52","1332822069","0","0","0.77","0","0","0.77","26.06","26.06","0","0","0","0","0","cron"
"7617","2012-03-27 04:24:02","2012-03-27 04:23:09","53","1332822189","0","0","0.78","0","0","0.77","26","26","0","0","0","0","0","cron"
"7618","2012-03-27 04:26:01","2012-03-27 04:25:08","53","1332822308","0","0","0.78","0","0","0.77","26","26","0","0","0","0","0","cron"
"7619","2012-03-27 04:28:02","2012-03-27 04:27:09","53","1332822429","0","0","0.76","0","0","0.78","26.06","26.06","0","0","0","0","0","cron"
"7620","2012-03-27 04:30:02","2012-03-27 04:29:08","54","1332822548","0.02","5","0.78","0","0","0.77","25.94","26.19","0","0","0","0","0","cron"
"7621","2012-03-27 04:32:01","2012-03-27 04:31:08","53","1332822668","0.03","0","0.78","0","3.37","0.78","26.31","26.5","0","0","0","0","0","cron"
"7622","2012-03-27 04:34:02","2012-03-27 04:33:08","54","1332822788","0.02","0","0.76","0.02","2.8","0.77","26.31","26.31","0","0","0","0","0","cron"
"7623","2012-03-27 04:36:01","2012-03-27 04:35:08","53","1332822908","0.02","0","0.78","0.02","0","0.77","26.19","26.25","0","0","0","0","0","cron"
"7624","2012-03-27 04:38:02","2012-03-27 04:37:08","54","1332823028","0.02","0","0.76","0.02","0","0.77","26.19","26.19","0","0","0","0","0","cron"
"7625","2012-03-27 04:40:02","2012-03-27 04:39:08","54","1332823148","0.02","0","0.76","0.02","0","0.77","26.25","26.19","0","0","0","0","0","cron"
"7626","2012-03-27 04:42:01","2012-03-27 04:41:07","54","1332823267","0.02","0","0.77","0.02","0","0.77","26.19","26.12","0","0","0","0","0","cron"
"7627","2012-03-27 04:44:02","2012-03-27 04:43:08","54","1332823388","0.02","0","0.78","0.02","0","0.77","26.12","26.12","0","0","0","0","0","cron"
"7628","2012-03-27 04:46:01","2012-03-27 04:45:07","54","1332823507","0.02","0","0.78","0.02","0","0.77","26.12","26.12","0","0","0","0","0","cron"
"7629","2012-03-27 04:48:02","2012-03-27 04:47:08","54","1332823628","0.01","0","0.76","0.02","0","0.77","26.06","26.12","0","0","0","0","0","cron"
"7630","2012-03-27 04:50:02","2012-03-27 04:49:07","54","1332823747","0.02","0","0.78","0.02","0","0.77","26.12","26.06","0","0","0","0","0","cron"
"7631","2012-03-27 04:52:01","2012-03-27 04:51:07","54","1332823867","0.01","0","0.77","0.01","0","0.77","26.12","26.12","0","0","0","0","0","cron"
"7632","2012-03-27 04:54:02","2012-03-27 04:53:07","55","1332823987","0.01","0","0.77","0.01","0","0.77","26.06","26.06","0","0","0","0","0","cron"
"7633","2012-03-27 04:56:01","2012-03-27 04:55:07","54","1332824107","0.01","0","0.77","0.01","0","0.77","26.06","26.06","0","0","0","0","0","cron"
"7634","2012-03-27 04:58:02","2012-03-27 04:57:07","55","1332824227","0.01","0","0.75","0.01","0","0.77","26","26","0","0","0","0","0","cron"
"7635","2012-03-27 05:00:02","2012-03-27 04:59:07","54","1332824347","0.01","0","0.75","0.01","0","0.77","26","25.94","0","0","0","0","0","cron"
"7636","2012-03-27 05:02:01","2012-03-27 05:01:06","55","1332824466","0.01","0","0.79","0.01","0","0.77","25.94","25.94","0","0","0","0","0","cron"
"7637","2012-03-27 05:04:02","2012-03-27 05:03:07","55","1332824587","0.01","0","0.78","0.01","0","0.77","26","25.94","0","0","0","0","0","cron"
"7638","2012-03-27 05:06:02","2012-03-27 05:05:06","55","1332824706","0.01","0","0.79","0.01","0","0.77","25.94","25.94","0","0","0","0","0","cron"
"7639","2012-03-27 05:08:01","2012-03-27 05:07:05","56","1332824825","0.01","0","0.81","0.01","0","0.77","26","26","0","0","0","0","0","cron"
"7640","2012-03-27 05:10:02","2012-03-27 05:09:06","56","1332824946","0.01","0","0.79","0.01","0","0.77","25.94","26","0","0","0","0","0","cron"
"7641","2012-03-27 05:12:01","2012-03-27 05:11:05","56","1332825065","0.01","5.13","0.76","0.01","0","0.77","25.87","25.94","0","0","0","0","0","cron"
"7642","2012-03-27 05:14:01","2012-03-27 05:13:05","56","1332825185","0.01","0","0.77","0.01","0.78","0.77","26.12","26.37","0","0","0","0","0","cron"
"7643","2012-03-27 05:16:02","2012-03-27 05:15:05","57","1332825305","0.01","0","0.77","0.01","4.26","0.77","26.12","26.25","0","0","0","0","0","cron"
"7644","2012-03-27 05:18:01","2012-03-27 05:17:05","56","1332825425","0.01","0","0.77","0.01","0","0.77","26.06","26.19","0","0","0","0","0","cron"
"7645","2012-03-27 05:20:02","2012-03-27 05:19:05","57","1332825545","0.01","0","0.78","0.01","0","0.77","26.06","26.12","0","0","0","0","0","cron"
"7646","2012-03-27 05:22:01","2012-03-27 05:21:05","56","1332825665","0.01","0","0.77","0.01","0","0.77","26.06","26.06","0","0","0","0","0","cron"
"7647","2012-03-27 05:24:02","2012-03-27 05:23:05","57","1332825785","0.01","0","0.77","0.01","0","0.77","26.06","26.06","0","0","0","0","0","cron"
"7648","2012-03-27 05:26:02","2012-03-27 05:25:05","56","1332825905","0","0","0.79","0.01","0","0.77","26","26.06","0","0","0","0","0","cron"
"7649","2012-03-27 05:28:01","2012-03-27 05:27:04","57","1332826024","0.01","0","0.79","0.01","0","0.77","26","26.06","0","0","0","0","0","cron"
"7650","2012-03-27 05:30:02","2012-03-27 05:29:05","57","1332826145","0.02","0","0.78","0.01","0","0.78","26","26","0","0","0","0","0","cron"
"7651","2012-03-27 05:32:01","2012-03-27 05:31:04","57","1332826264","0.01","0","0.77","0.01","0","0.77","26","26","0","0","0","0","0","cron"
"7652","2012-03-27 05:34:02","2012-03-27 05:33:04","58","1332826384","0","0","0.77","0.01","0","0.78","25.94","26","0","0","0","0","0","cron"
"7653","2012-03-27 05:36:01","2012-03-27 05:35:04","57","1332826504","0.01","0","0.75","0.01","0","0.78","26","25.94","0","0","0","0","0","cron"
"7654","2012-03-27 05:38:01","2012-03-27 05:37:03","58","1332826623","0.01","0","0.77","0.01","0","0.77","26","25.94","0","0","0","0","0","cron"
"7655","2012-03-27 05:40:02","2012-03-27 05:39:04","58","1332826744","0.01","0","0.78","0.01","0","0.77","25.87","25.94","0","0","0","0","0","cron"
"7656","2012-03-27 05:42:01","2012-03-27 05:41:03","58","1332826863","0.01","0","0.76","0.01","0","0.77","25.87","25.87","0","0","0","0","0","cron"
"7657","2012-03-27 05:44:02","2012-03-27 05:43:04","58","1332826984","0","0","0.81","0.01","0","0.77","25.87","25.87","0","0","0","0","0","cron"
"7658","2012-03-27 05:46:01","2012-03-27 05:45:03","58","1332827103","0.01","0","0.77","0.01","0","0.77","26","25.94","0","0","0","0","0","cron"
"7659","2012-03-27 05:48:02","2012-03-27 05:47:04","58","1332827224","0.01","0","0.76","0.01","0","0.77","25.94","25.94","0","0","0","0","0","cron"
"7660","2012-03-27 05:50:02","2012-03-27 05:49:03","59","1332827343","0.01","0","0.79","0.01","0","0.77","25.94","25.87","0","0","0","0","0","cron"
"7661","2012-03-27 05:52:01","2012-03-27 05:51:03","58","1332827463","0.01","0","0.77","0.01","0","0.77","25.87","25.87","0","0","0","0","0","cron"
"7662","2012-03-27 05:54:02","2012-03-27 05:53:03","59","1332827583","0.01","5.21","0.78","0.01","0","0.77","25.87","25.94","0","0","0","0","0","cron"
"7663","2012-03-27 05:56:01","2012-03-27 05:55:03","58","1332827703","0","4.97","0.75","0.01","1.09","0.77","26","26.19","0","0","0","0","0","cron"
"7664","2012-03-27 05:58:02","2012-03-27 05:57:03","59","1332827823","0.01","0","0.79","0.01","5.06","0.78","26.31","26.56","0","0","0","0","0","cron"
"7665","2012-03-27 06:00:02","2012-03-27 05:59:03","59","1332827943","0.01","0","0.79","0.01","2.29","0.78","26.31","26.37","0","0","0","0","0","cron"
"7666","2012-03-27 06:02:06","2012-03-27 06:01:07","59","1332828067","0.01","0","0.79","0.01","0","0.77","26.12","26.19","0","0","0","0","0","cron"
"7667","2012-03-27 06:04:07","2012-03-27 06:03:07","59","1332828187","0.02","0","0.75","0.01","0","0.77","26.06","26.12","0","0","0","0","0","cron"
"7668","2012-03-27 06:06:08","2012-03-27 06:05:07","60","1332828307","0.01","0","0.75","0.01","0","0.78","26","26.06","0","0","0","0","0","cron"
"7669","2012-03-27 06:08:01","2012-03-27 06:07:01","60","1332828421","0.01","0","0.77","0.01","0","0.77","26.06","26","0","0","0","0","0","cron"
"7670","2012-03-27 06:10:02","2012-03-27 06:09:02","60","1332828542","0.01","0","0.78","0.01","0","0.78","25.94","26","0","0","0","0","0","cron"
"7671","2012-03-27 06:12:01","2012-03-27 06:11:01","60","1332828661","0.01","0","0.77","0.01","0","0.77","25.94","25.94","0","0","0","0","0","cron"
"7672","2012-03-27 06:14:02","2012-03-27 06:13:01","61","1332828781","0.01","0","0.74","0.01","0","0.77","25.94","26","0","0","0","0","0","cron"
"7673","2012-03-27 06:16:01","2012-03-27 06:15:01","60","1332828901","0","0","0.77","0.01","0","0.77","25.94","26","0","0","0","0","0","cron"
"7674","2012-03-27 06:18:02","2012-03-27 06:17:01","61","1332829021","0","0","0.75","0.01","0","0.77","25.94","25.94","0","0","0","0","0","cron"
"7675","2012-03-27 06:20:02","2012-03-27 06:19:01","61","1332829141","0.01","0","0.78","0.01","0","0.77","25.94","25.94","0","0","0","0","0","cron"
"7676","2012-03-27 06:22:01","2012-03-27 06:21:00","61","1332829260","0.01","0","0.77","0.01","0","0.77","26","26","0","0","0","0","0","cron"
"7677","2012-03-27 06:24:02","2012-03-27 06:23:01","61","1332829381","0.01","0","0.75","0.01","0","0.77","25.87","25.94","0","0","0","0","0","cron"
"7678","2012-03-27 06:26:01","2012-03-27 06:25:00","61","1332829500","0.01","0","0.77","0.01","0","0.78","25.94","25.87","0","0","0","0","0","cron"
"7679","2012-03-27 06:28:02","2012-03-27 06:27:01","61","1332829621","0.02","0","0.79","0.01","0","0.77","25.81","25.94","0","0","0","0","0","cron"
"7680","2012-03-27 06:30:02","2012-03-27 06:29:00","62","1332829740","0.01","0","0.76","0.01","0","0.78","25.81","25.81","0","0","0","0","0","cron"
"7681","2012-03-27 06:32:01","2012-03-27 06:31:00","61","1332829860","0.02","0","0.77","0.01","0","0.77","25.81","25.87","0","0","0","0","0","cron"
"7682","2012-03-27 06:34:02","2012-03-27 06:33:00","62","1332829980","0.01","0","0.78","0.01","0","0.77","25.87","25.81","0","0","0","0","0","cron"
"7683","2012-03-27 06:36:01","2012-03-27 06:35:00","61","1332830100","0.01","0","0.8","0.01","0","0.77","25.81","25.87","0","0","0","0","0","cron"
"7684","2012-03-27 06:38:02","2012-03-27 06:37:00","62","1332830220","0.01","5.09","0.78","0.01","0","0.77","25.81","25.87","0","0","0","0","0","cron"
"7685","2012-03-27 06:40:02","2012-03-27 06:39:00","61","1332830340","0.01","0","0.76","0.01","1.3","0.78","26","26.25","0","0","0","0","0","cron"
"7686","2012-03-27 06:42:01","2012-03-27 06:40:59","62","1332830459","0.01","0","0.77","0.01","3.46","0.78","26.06","26.06","0","0","0","0","0","cron"
"7687","2012-03-27 06:44:02","2012-03-27 06:43:00","62","1332830580","0","0","0.76","0.01","0","0.77","26","26","0","0","0","0","0","cron"
"7688","2012-03-27 06:46:01","2012-03-27 06:44:59","62","1332830699","0.01","0","0.81","0","0","0.77","26","26.06","0","0","0","0","0","cron"
"7689","2012-03-27 06:48:02","2012-03-27 06:47:00","62","1332830820","0","0","0.79","0","0","0.78","25.94","26","0","0","0","0","0","cron"
"7690","2012-03-27 06:50:01","2012-03-27 06:48:59","62","1332830939","0","0","0.77","0","0","0.77","25.94","25.94","0","0","0","0","0","cron"
"7691","2012-03-27 06:52:02","2012-03-27 06:51:00","62","1332831060","0","0","0.78","0","0","0.78","25.94","25.94","0","0","0","0","0","cron"
"7692","2012-03-27 06:54:02","2012-03-27 06:52:59","62","1332831179","0","0","0.77","0","0","0.78","25.94","25.94","0","0","0","0","0","cron"
"7693","2012-03-27 06:56:01","2012-03-27 06:54:58","63","1332831298","0","0","0.77","0","0","0.78","25.81","25.87","0","0","0","0","0","cron"
"7694","2012-03-27 06:58:02","2012-03-27 06:56:59","63","1332831419","0","0","0.79","0","0","0.78","25.94","25.87","0","0","0","0","0","cron"
"7695","2012-03-27 07:00:01","2012-03-27 06:58:59","62","1332831539","0","0","0.78","0","0","0.78","25.81","25.87","0","0","0","0","0","cron"
"7696","2012-03-27 07:02:02","2012-03-27 07:00:59","63","1332831659","0","0","0.77","0","0","0.78","25.81","25.81","0","0","0","0","0","cron"
"7697","2012-03-27 07:04:02","2012-03-27 07:02:58","63","1332831778","0","0","0.79","0","0","0.78","25.81","25.87","0","0","0","0","0","cron"
"7698","2012-03-27 07:06:02","2012-03-27 07:04:58","63","1332831898","0","0","0.8","0","0","0.79","25.87","25.87","0","0","0","0","0","cron"
"7699","2012-03-27 07:08:02","2012-03-27 07:06:58","64","1332832018","0.01","0","0.79","0","0","0.79","25.87","25.87","0","0","0","0","0","cron"
"7700","2012-03-27 07:10:02","2012-03-27 07:08:58","64","1332832138","0","0","0.79","0","0","0.79","25.81","25.81","0","0","0","0","0","cron"
"7701","2012-03-27 07:12:01","2012-03-27 07:10:57","64","1332832257","0","0","0.78","0","0","0.78","25.81","25.87","0","0","0","0","0","cron"
"7702","2012-03-27 07:14:02","2012-03-27 07:12:57","65","1332832377","0","0","0.78","0.01","0","0.78","25.87","25.81","0","0","0","0","0","cron"
"7703","2012-03-27 07:16:01","2012-03-27 07:14:57","64","1332832497","0.01","0","0.8","0.01","0","0.78","25.75","25.81","0","0","0","0","0","cron"
"7704","2012-03-27 07:18:02","2012-03-27 07:16:57","65","1332832617","0","0","0.76","0.01","0","0.79","25.81","25.87","0","0","0","0","0","cron"
"7705","2012-03-27 07:20:01","2012-03-27 07:18:57","64","1332832737","0","5.06","0.8","0","0","0.78","25.75","25.81","0","0","0","0","0","cron"
"7706","2012-03-27 07:22:02","2012-03-27 07:20:57","65","1332832857","0","0","0.79","0","2.79","0.79","25.81","26","0","0","0","0","0","cron"
"7707","2012-03-27 07:24:02","2012-03-27 07:22:57","64","1332832977","0","0","0.78","0","3.66","0.79","25.94","26.06","0","0","0","0","0","cron"
"7708","2012-03-27 07:26:01","2012-03-27 07:24:56","65","1332833096","0","0","0.78","0","0","0.79","25.69","25.94","0","0","0","0","0","cron"
"7709","2012-03-27 07:28:02","2012-03-27 07:26:56","66","1332833216","0","0","0.77","0","0","0.79","25.56","25.69","0","0","0","0","0","cron"
"7710","2012-03-27 07:30:01","2012-03-27 07:28:56","65","1332833336","0","0","0.85","0","0","0.79","25.5","25.62","0","0","0","0","0","cron"
"7711","2012-03-27 07:32:02","2012-03-27 07:30:57","65","1332833457","0","0","0.79","0","0","0.81","25.5","25.69","0","0","0","0","0","cron"
"7712","2012-03-27 07:34:01","2012-03-27 07:32:56","65","1332833576","0.01","0","0.79","0","0","0.79","25.44","25.56","0","0","0","0","0","cron"
"7713","2012-03-27 07:36:01","2012-03-27 07:34:55","66","1332833695","0","0","0.77","0","0","0.79","25.37","25.56","0","0","0","0","0","cron"
"7714","2012-03-27 07:38:02","2012-03-27 07:36:56","66","1332833816","0","0","0.78","0","0","0.79","25.37","25.5","0","0","0","0","0","cron"
"7715","2012-03-27 07:40:01","2012-03-27 07:38:55","66","1332833935","0","0","0.78","0","0","0.79","25.37","25.5","0","0","0","0","7","cron"
"7716","2012-03-27 07:42:02","2012-03-27 07:40:56","66","1332834056","0","0","0.79","0","0","0.79","25.31","25.5","0","0","0","0","0","cron"
"7717","2012-03-27 07:44:01","2012-03-27 07:42:55","66","1332834175","0","0","0.79","0","0","0.79","25.31","25.44","0","0","0","0","0","cron"
"7718","2012-03-27 07:46:02","2012-03-27 07:44:56","66","1332834296","0","0","0.79","0","0","0.79","25.37","25.44","0","0","0","0","0","cron"
"7719","2012-03-27 07:48:02","2012-03-27 07:46:55","66","1332834415","0.01","0","0.79","0","0","0.79","25.25","25.37","0","0","0","0","0","cron"
"7720","2012-03-27 07:50:01","2012-03-27 07:48:55","66","1332834535","0","0","0.78","0","0","0.78","25.31","25.44","0","0","0","0","0","cron"
"7721","2012-03-27 07:52:02","2012-03-27 07:50:55","67","1332834655","0","0","0.78","0","0","0.79","25.25","25.37","0","0","0","0","0","cron"
"7722","2012-03-27 07:54:01","2012-03-27 07:52:55","66","1332834775","0","0","0.77","0","0","0.79","25.25","25.37","0","0","0","0","0","cron"
"7723","2012-03-27 07:56:02","2012-03-27 07:54:55","67","1332834895","0","0","0.77","0","0","0.79","25.25","25.37","0","0","0","0","0","cron"
"7724","2012-03-27 07:58:01","2012-03-27 07:56:55","66","1332835015","0","0","0.79","0","0","0.79","25.19","25.31","0","0","0","0","0","cron"
"7725","2012-03-27 08:00:01","2012-03-27 07:58:54","67","1332835134","0.01","0","0.78","0","0","0.79","25.19","25.37","0","0","0","0","0","cron"
"7726","2012-03-27 08:02:02","2012-03-27 08:00:55","67","1332835255","0.01","5.04","0.78","0","0","0.78","25.12","25.37","0","0","0","0","0","cron"
"7727","2012-03-27 08:04:01","2012-03-27 08:02:54","67","1332835374","0.01","0","0.8","0","3.85","0.79","25.37","25.56","0","0","0","0","0","cron"
"7728","2012-03-27 08:06:01","2012-03-27 08:04:53","68","1332835493","0","0","0.78","0","0.41","0.78","25.31","25.5","0","0","0","0","0","cron"
"7729","2012-03-27 08:08:02","2012-03-27 08:06:54","68","1332835614","0","0","0.76","0","0","0.78","25.19","25.44","0","0","0","0","0","cron"
"7730","2012-03-27 08:10:01","2012-03-27 08:08:53","68","1332835733","0","0","0.77","0","0","0.78","25.12","25.37","0","0","0","0","0","cron"
"7731","2012-03-27 08:12:02","2012-03-27 08:10:54","68","1332835854","0","0","0.78","0.01","0","0.78","25.19","25.31","0","0","0","0","0","cron"
"7732","2012-03-27 08:14:02","2012-03-27 08:12:53","68","1332835973","0","0","0.77","0.01","0","0.79","25.12","25.31","0","0","0","0","0","cron"
"7733","2012-03-27 08:16:01","2012-03-27 08:14:53","68","1332836093","0","0","0.77","0","0","0.78","25.19","25.37","0","0","0","0","0","cron"
"7734","2012-03-27 08:18:02","2012-03-27 08:16:53","69","1332836213","0","0","0.8","0","0","0.78","25.12","25.31","0","0","0","0","0","cron"
"7735","2012-03-27 08:20:01","2012-03-27 08:18:53","68","1332836333","0","0","0.76","0","0","0.78","25.12","25.25","0","0","0","0","0","cron"
"7736","2012-03-27 08:22:02","2012-03-27 08:20:53","69","1332836453","0","0","0.77","0","0","0.78","25.06","25.25","0","0","0","0","0","cron"
"7737","2012-03-27 08:24:01","2012-03-27 08:22:53","68","1332836573","0","0","0.79","0","0","0.78","25.06","25.25","0","0","0","0","0","cron"
"7738","2012-03-27 08:26:01","2012-03-27 08:24:52","69","1332836692","0.01","0","0.8","0","0","0.79","25.06","25.25","0","0","0","0","0","cron"
"7739","2012-03-27 08:28:02","2012-03-27 08:26:52","70","1332836812","0","0","0.78","0","0","0.79","25.12","25.31","0","0","0","0","0","cron"
"7740","2012-03-27 08:30:01","2012-03-27 08:28:52","69","1332836932","0.01","0","0.78","0","0","0.79","25.12","25.25","0","0","0","0","0","cron"
"7741","2012-03-27 08:32:02","2012-03-27 08:30:52","70","1332837052","0","0","0.79","0","0","0.78","25.06","25.25","0","0","0","0","0","cron"
"7742","2012-03-27 08:34:01","2012-03-27 08:32:52","69","1332837172","0","0","0.78","0","0","0.78","25.12","25.31","0","0","0","0","0","cron"
"7743","2012-03-27 08:36:02","2012-03-27 08:34:52","70","1332837292","0","0","0.79","0","0","0.78","25.12","25.25","0","0","0","0","0","cron"
"7744","2012-03-27 08:38:02","2012-03-27 08:36:52","69","1332837412","0","0","0.77","0","0","0.79","25.12","25.31","0","0","0","0","0","cron"
"7745","2012-03-27 08:40:01","2012-03-27 08:38:51","70","1332837531","0","0","0.8","0","0","0.78","25.06","25.25","0","0","0","0","0","cron"
"7746","2012-03-27 08:42:02","2012-03-27 08:40:52","70","1332837652","0","5.08","0.79","0","0","0.78","25","25.25","0","0","0","0","0","cron"
"7747","2012-03-27 08:44:01","2012-03-27 08:42:51","70","1332837771","0","0","0.79","0","4.44","0.79","25.37","25.56","0","0","0","0","0","cron"
"7748","2012-03-27 08:46:02","2012-03-27 08:44:52","70","1332837892","0","0","0.79","0","1.82","0.78","25.44","25.56","0","0","0","0","0","cron"
"7749","2012-03-27 08:48:01","2012-03-27 08:46:51","70","1332838011","0","0","0.79","0","0","0.78","25.19","25.37","0","0","0","0","0","cron"
"7750","2012-03-27 08:50:01","2012-03-27 08:48:51","70","1332838131","0","0","0.78","0.01","0","0.78","25.12","25.37","0","0","0","0","0","cron"
"7751","2012-03-27 08:52:02","2012-03-27 08:50:51","71","1332838251","0","0","0.77","0","0","0.79","25.12","25.37","0","0","0","0","0","cron"
"7752","2012-03-27 08:54:01","2012-03-27 08:52:51","70","1332838371","0.01","0","0.8","0","0","0.78","25.12","25.37","0","0","0","0","0","cron"
"7753","2012-03-27 08:56:02","2012-03-27 08:54:51","71","1332838491","0.01","0","0.78","0","0","0.78","25.12","25.31","0","0","0","0","0","cron"
"7754","2012-03-27 08:58:01","2012-03-27 08:56:51","70","1332838611","0","0","0.76","0","0","0.78","25.06","25.31","0","0","0","0","0","cron"
"7755","2012-03-27 09:00:01","2012-03-27 08:58:50","71","1332838730","0","0","0.8","0","0","0.78","25.12","25.25","0","0","0","0","0","cron"
"7756","2012-03-27 09:02:02","2012-03-27 09:00:51","71","1332838851","0","0","0.79","0.01","0","0.78","25.06","25.25","0","0","0","0","0","cron"
"7757","2012-03-27 09:04:01","2012-03-27 09:02:50","71","1332838970","0.01","0","0.76","0","0","0.78","25","25.25","0","0","0","0","0","cron"
"7758","2012-03-27 09:06:01","2012-03-27 09:04:49","72","1332839089","0","0","0.78","0","0","0.78","25.06","25.31","0","0","0","0","0","cron"
"7759","2012-03-27 09:08:02","2012-03-27 09:06:50","72","1332839210","0","0","0.78","0.01","0","0.78","25.06","25.25","0","0","0","0","0","cron"
"7760","2012-03-27 09:10:01","2012-03-27 09:08:49","72","1332839329","0","0","0.8","0.01","0","0.78","25.06","25.19","0","0","0","0","0","cron"
"7761","2012-03-27 09:12:02","2012-03-27 09:10:50","72","1332839450","0.01","0","0.8","0.01","0","0.78","25.06","25.25","0","0","0","0","0","cron"
"7762","2012-03-27 09:14:02","2012-03-27 09:12:49","72","1332839569","0","0","0.77","0","0","0.78","25.06","25.19","0","0","0","0","0","cron"
"7763","2012-03-27 09:16:01","2012-03-27 09:14:49","72","1332839689","0.01","0","0.8","0.01","0","0.78","25","25.19","0","0","0","0","0","cron"
"7764","2012-03-27 09:18:02","2012-03-27 09:16:49","73","1332839809","0.01","0","0.8","0","0","0.79","25","25.19","0","0","0","0","0","cron"
"7765","2012-03-27 09:20:01","2012-03-27 09:18:49","72","1332839929","0","0","0.78","0.01","0","0.78","25","25.19","0","0","0","0","0","cron"
"7766","2012-03-27 09:22:02","2012-03-27 09:20:49","73","1332840049","0","4.99","0.8","0","0","0.78","25","25.19","0","0","0","0","0","cron"
"7767","2012-03-27 09:24:01","2012-03-27 09:22:48","73","1332840168","0","0","0.78","0.01","2.8","0.79","25.25","25.5","0","0","0","0","0","cron"
"7768","2012-03-27 09:26:01","2012-03-27 09:24:48","73","1332840288","0.01","0","0.78","0.01","2.15","0.78","25.25","25.44","0","0","0","0","0","cron"
"7769","2012-03-27 09:28:02","2012-03-27 09:26:48","74","1332840408","0.01","0","0.77","0.01","0","0.78","25.19","25.44","0","0","0","0","0","cron"
"7770","2012-03-27 09:30:01","2012-03-27 09:28:48","73","1332840528","0.01","0","0.77","0.01","0","0.78","25.12","25.37","0","0","0","0","0","cron"
"7771","2012-03-27 09:32:02","2012-03-27 09:30:48","74","1332840648","0.01","0","0.77","0","0","0.78","25.06","25.31","0","0","0","0","0","cron"
"7772","2012-03-27 09:34:01","2012-03-27 09:32:48","73","1332840768","0","0","0.78","0.01","0","0.78","25.06","25.25","0","0","0","0","0","cron"
"7773","2012-03-27 09:36:02","2012-03-27 09:34:48","74","1332840888","0","0","0.87","0","0","0.78","25","25.31","0","0","0","0","0","cron"
"7774","2012-03-27 09:38:02","2012-03-27 09:36:48","73","1332841008","0","0","1","0.01","0","0.79","25.12","25.31","0","0","0","0","0","cron"
"7775","2012-03-27 09:40:01","2012-03-27 09:38:47","74","1332841127","0","0","1.07","0","0","1.01","25.12","25.31","0","0","0","0","0","cron"
"7776","2012-03-27 09:42:02","2012-03-27 09:40:48","74","1332841248","0","0","1.01","0","0","1.01","25.19","25.44","0","0","0","0","0","cron"
"7777","2012-03-27 09:44:01","2012-03-27 09:42:47","74","1332841367","0","0","1.03","0","0","1.01","25.25","25.44","0","0","0","0","0","cron"
"7778","2012-03-27 09:46:02","2012-03-27 09:44:48","74","1332841488","0","0","1.03","0","0","1.01","25.25","25.5","0","0","0","0","0","cron"
"7779","2012-03-27 09:48:01","2012-03-27 09:46:47","74","1332841607","0","0","0.99","0","0","1.01","25.37","25.56","0","0","0","0","0","cron"
"7780","2012-03-27 09:50:01","2012-03-27 09:48:47","74","1332841727","0","0","1.02","0","0","1.01","25.25","25.75","0","0","0","0","25","cron"
"7781","2012-03-27 09:52:02","2012-03-27 09:50:47","75","1332841847","0","0","0.97","0.01","0","0.99","25.12","25.56","0","0","0","0","0","cron"
"7782","2012-03-27 09:54:01","2012-03-27 09:52:47","74","1332841967","0","0","1","0","0","1","25.12","25.56","0","0","0","0","0","cron"
"7783","2012-03-27 09:56:02","2012-03-27 09:54:47","75","1332842087","0","0","1.02","0","0","1","25.12","25.56","0","0","0","0","0","cron"
"7784","2012-03-27 09:58:01","2012-03-27 09:56:47","74","1332842207","0","0","0.97","0","0","1","25.25","25.69","0","0","0","0","5","cron"
"7785","2012-03-27 10:00:02","2012-03-27 09:58:47","75","1332842327","0","0","1.02","0","0","0.99","25.19","25.62","0","0","0","0","0","cron"
"7786","2012-03-27 10:02:02","2012-03-27 10:00:47","75","1332842447","0","4.99","1.02","0","0","1","25.19","25.56","0","0","0","0","0","cron"
"7787","2012-03-27 10:04:01","2012-03-27 10:02:46","75","1332842566","0","0","0.99","0","2.66","0.99","25.44","25.81","0","0","0","0","0","cron"
"7788","2012-03-27 10:06:01","2012-03-27 10:04:45","76","1332842685","0","0","0.98","0","3.8","1","25.62","26.06","0","0","0","0","0","cron"
"7789","2012-03-27 10:08:02","2012-03-27 10:06:46","76","1332842806","0","0","1.02","0","0","0.99","25.62","25.69","0","0","0","0","0","cron"
"7790","2012-03-27 10:10:01","2012-03-27 10:08:45","76","1332842925","0.01","0","0.98","0","0","0.99","25.37","25.81","0","0","0","0","0","cron"
"7791","2012-03-27 10:12:02","2012-03-27 10:10:46","76","1332843046","0","0","1.01","0","0","0.99","25.31","25.75","0","0","0","0","0","cron"
"7792","2012-03-27 10:14:01","2012-03-27 10:12:45","76","1332843165","0.01","0","1","0","0","0.99","25.31","25.69","0","0","0","0","0","cron"
"7793","2012-03-27 10:16:01","2012-03-27 10:14:45","76","1332843285","0.02","0","1.03","0.01","0","0.99","25.31","25.69","0","0","0","0","0","cron"
"7794","2012-03-27 10:18:02","2012-03-27 10:16:45","77","1332843405","0.02","0","1.01","0.02","0","0.99","25.31","25.75","0","0","0","0","0","cron"
"7795","2012-03-27 10:20:01","2012-03-27 10:18:45","76","1332843525","0.02","0","1.01","0.02","0","0.99","25.37","25.75","0","0","0","0","16","cron"
"7796","2012-03-27 10:22:02","2012-03-27 10:20:45","77","1332843645","0.02","0","0.99","0.02","0","0.99","25.56","25.94","0","0","0","0","75","cron"
"7797","2012-03-27 10:24:02","2012-03-27 10:22:45","76","1332843765","0.01","0","0.98","0.02","0","0.98","25.75","34.94","0","0","0","0","100","cron"
"7798","2012-03-27 10:26:01","2012-03-27 10:24:44","77","1332843884","0.01","0","1","0.02","0","0.99","25.5","35.56","0","0","0","0","87","cron"
"7799","2012-03-27 10:28:02","2012-03-27 10:26:44","78","1332844004","0.01","0","0.98","0.02","0","0.98","25.44","35.44","0","0","0","0","97","cron"
"7800","2012-03-27 10:30:01","2012-03-27 10:28:44","77","1332844124","0.01","0","0.97","0.02","0","0.98","25.44","35.38","0","0","0","0","89","cron"
"7801","2012-03-27 10:32:02","2012-03-27 10:30:44","78","1332844245","0.02","0","0.99","0.02","0","0.98","25.44","35.44","0","0","0","0","80","cron"
"7802","2012-03-27 10:34:01","2012-03-27 10:32:44","77","1332844364","0.01","0","0.97","0.01","0","0.98","25.37","35.5","0","0","0","0","84","cron"
"7803","2012-03-27 10:36:01","2012-03-27 10:34:43","78","1332844483","0.01","0","0.98","0.01","0","0.99","25.37","35.38","0","0","0","0","104","cron"
"7804","2012-03-27 10:38:02","2012-03-27 10:36:44","78","1332844604","0.02","0","0.99","0.01","0","0.98","25.44","35.44","0","0","0","0","81","cron"
"7805","2012-03-27 10:40:01","2012-03-27 10:38:43","78","1332844723","0.01","0","0.98","0.01","0","0.98","25.44","35.5","0","0","0","0","89","cron"
"7806","2012-03-27 10:42:02","2012-03-27 10:40:44","78","1332844844","0.02","0","1","0.01","0","0.98","25.37","35.38","0","0","0","0","100","cron"
"7807","2012-03-27 10:44:01","2012-03-27 10:42:43","78","1332844963","0.01","0","1.01","0.01","0","0.98","25.31","35.19","0","0","0","0","82","cron"
"7808","2012-03-27 10:46:02","2012-03-27 10:44:44","78","1332845084","0","0","1","0.01","3.97","0.99","25.81","35.63","0","0","0","0","93","cron"
"7809","2012-03-27 10:48:02","2012-03-27 10:46:43","78","1332845203","0.01","0","0.98","0.01","0","0.99","25.56","35.63","0","0","0","0","85","cron"
"7810","2012-03-27 10:50:01","2012-03-27 10:48:43","78","1332845323","0","0","1.01","0.01","0","0.99","25.5","35.44","0","0","0","0","83","cron"
"7811","2012-03-27 10:52:02","2012-03-27 10:50:43","79","1332845443","0.01","0","0.99","0.01","0","0.99","25.5","35.63","0","0","0","0","101","cron"
"7812","2012-03-27 10:54:01","2012-03-27 10:52:43","78","1332845563","0.01","0","0.78","0.01","0","0.99","25.44","35.56","0","0","0","0","96","cron"
"7813","2012-03-27 10:56:02","2012-03-27 10:54:43","79","1332845683","0.01","0","0.83","0.01","0","0.87","25.44","35.38","0","0","0","0","87","cron"
"7814","2012-03-27 10:58:01","2012-03-27 10:56:43","78","1332845803","0.01","0","0.77","0.01","0","0.78","25.56","35.63","0","0","0","0","95","cron"
"7815","2012-03-27 11:00:01","2012-03-27 10:58:42","79","1332845922","0.01","0","0.81","0.01","0","0.78","25.44","35.5","0","0","0","0","92","cron"
"7816","2012-03-27 11:02:02","2012-03-27 11:00:43","79","1332846043","0.01","0","0.77","0.01","0","0.78","25.44","35.5","0","0","0","0","89","cron"
"7817","2012-03-27 11:04:01","2012-03-27 11:02:42","79","1332846162","0.01","0","0.78","0.01","0","0.78","25.44","35.38","0","0","0","0","92","cron"
"7818","2012-03-27 11:06:01","2012-03-27 11:04:41","80","1332846281","0.01","0","0.79","0.01","0","0.78","25.44","35.5","0","0","0","0","97","cron"
"7819","2012-03-27 11:08:02","2012-03-27 11:06:42","80","1332846402","0.01","0","0.79","0.01","0","0.78","25.5","35.5","0","0","0","0","82","cron"
"7820","2012-03-27 11:10:01","2012-03-27 11:08:41","80","1332846521","0.01","0","0.78","0.01","0","0.78","25.44","35.56","0","0","0","0","94","cron"
"7821","2012-03-27 11:12:01","2012-03-27 11:10:41","80","1332846641","0.01","0","0.78","0.01","0","0.78","25.44","35.5","0","0","0","0","90","cron"
"7822","2012-03-27 11:14:02","2012-03-27 11:12:41","81","1332846761","0.01","0","0.77","0.01","0","0.78","25.5","35.63","0","0","0","0","87","cron"
"7823","2012-03-27 11:16:01","2012-03-27 11:14:41","80","1332846881","0.01","0","0.79","0.01","0","0.78","25.44","35.69","0","0","0","0","91","cron"
"7824","2012-03-27 11:18:02","2012-03-27 11:16:41","81","1332847001","0","0","0.78","0.01","0","0.78","25.5","35.69","0","0","0","0","94","cron"
"7825","2012-03-27 11:20:01","2012-03-27 11:18:41","80","1332847121","0.01","0","0.8","0.01","0","0.78","25.44","35.63","0","0","0","0","118","cron"
"7826","2012-03-27 11:22:02","2012-03-27 11:20:41","81","1332847241","0.01","3.99","0.77","0.01","0","0.78","25.44","35.56","0","0","0","0","95","cron"
"7827","2012-03-27 11:24:02","2012-03-27 11:22:41","80","1332847361","0.01","0","0.78","0.01","0.23","0.78","25.44","35.44","0","0","0","0","93","cron"
"7828","2012-03-27 11:26:01","2012-03-27 11:24:40","81","1332847480","0.01","0","0.79","0.01","4.55","0.79","25.81","35.88","0","0","0","0","86","cron"
"7829","2012-03-27 11:28:02","2012-03-27 11:26:40","82","1332847600","0","0","0.8","0.01","0","0.79","25.69","35.88","0","0","0","0","98","cron"
"7830","2012-03-27 11:30:01","2012-03-27 11:28:40","81","1332847720","0.01","0","0.78","0.01","0","0.79","25.56","35.81","0","0","0","0","86","cron"
"7831","2012-03-27 11:32:02","2012-03-27 11:30:41","81","1332847841","0.01","0","0.77","0.01","0","0.79","25.56","35.81","0","0","0","0","96","cron"
"7832","2012-03-27 11:34:01","2012-03-27 11:32:40","81","1332847960","0.01","0","0.79","0.01","0","0.78","25.5","35.56","0","0","0","0","106","cron"
"7833","2012-03-27 11:36:01","2012-03-27 11:34:39","82","1332848079","0.01","0","0.79","0.01","0","0.79","25.44","35.63","0","0","0","0","96","cron"
"7834","2012-03-27 11:38:02","2012-03-27 11:36:40","82","1332848200","0","0","0.78","0.01","0","0.79","25.5","35.69","0","0","0","0","93","cron"
"7835","2012-03-27 11:40:01","2012-03-27 11:38:39","82","1332848319","0.01","0","0.8","0.01","0","0.78","25.56","35.63","0","0","0","0","83","cron"
"7836","2012-03-27 11:42:02","2012-03-27 11:40:40","82","1332848440","0","0","0.79","0.01","0","0.79","25.5","35.69","0","0","0","0","95","cron"
"7837","2012-03-27 11:44:01","2012-03-27 11:42:39","82","1332848559","0.01","0","0.8","0.01","0","0.79","25.5","35.81","0","0","0","0","79","cron"
"7838","2012-03-27 11:46:02","2012-03-27 11:44:40","82","1332848680","0","0","0.79","0.01","0","0.79","25.5","35.88","0","0","0","0","90","cron"
"7839","2012-03-27 11:48:02","2012-03-27 11:46:39","82","1332848799","0.01","0","0.79","0.01","0","0.79","25.44","35.69","0","0","0","0","81","cron"
"7840","2012-03-27 11:50:01","2012-03-27 11:48:39","82","1332848919","0.01","0","0.78","0.01","0","0.79","25.44","35.63","0","0","0","0","86","cron"
"7841","2012-03-27 11:52:02","2012-03-27 11:50:39","83","1332849039","0.01","0","0.78","0.01","0","0.79","25.5","35.5","0","0","0","0","97","cron"
"7842","2012-03-27 11:54:01","2012-03-27 11:52:39","82","1332849159","0.01","0","0.79","0.01","0","0.78","25.5","35.69","0","0","0","0","90","cron"
"7843","2012-03-27 11:56:02","2012-03-27 11:54:39","83","1332849279","0.01","0","0.75","0.01","0","0.77","25.5","35.63","0","0","0","0","96","cron"
"7844","2012-03-27 11:58:02","2012-03-27 11:56:39","82","1332849399","0","0","0.77","0.01","0","0.78","25.5","35.75","0","0","0","0","89","cron"
"7845","2012-03-27 12:00:01","2012-03-27 11:58:38","83","1332849518","0.01","0","0.79","0.01","0","0.78","25.44","35.69","0","0","0","0","84","cron"
"7846","2012-03-27 12:02:02","2012-03-27 12:00:39","83","1332849639","0","0","0.76","0.01","0","0.78","25.5","35.63","0","0","0","0","92","cron"
"7847","2012-03-27 12:04:01","2012-03-27 12:02:38","83","1332849758","0.01","4.98","0.8","0.01","0","0.77","25.5","35.5","0","0","0","0","81","cron"
"7848","2012-03-27 12:06:01","2012-03-27 12:04:37","84","1332849877","0","0","0.83","0.01","4.46","0.78","25.87","35.88","0","0","0","0","110","cron"
"7849","2012-03-27 12:08:02","2012-03-27 12:06:38","84","1332849998","0.01","0","0.8","0.01","0.35","0.79","25.75","35.88","0","0","0","0","80","cron"
"7850","2012-03-27 12:10:02","2012-03-27 12:08:37","84","1332850117","0","0","0.81","0.01","0","0.79","25.62","35.69","0","0","0","0","93","cron"
"7851","2012-03-27 12:12:01","2012-03-27 12:10:37","84","1332850237","0.01","0","0.82","0.01","0","0.79","25.62","35.75","0","0","0","0","105","cron"
"7852","2012-03-27 12:14:02","2012-03-27 12:12:37","85","1332850357","0.01","0","0.79","0.01","0","0.79","25.62","35.63","0","0","0","0","88","cron"
"7853","2012-03-27 12:16:01","2012-03-27 12:14:37","84","1332850477","0","0","1.02","0.01","0","0.79","25.56","35.63","0","0","0","0","105","cron"
"7854","2012-03-27 12:18:02","2012-03-27 12:16:37","85","1332850597","0.01","0","1.03","0.01","0","0.81","25.75","36.13","0","0","0","0","95","cron"
"7855","2012-03-27 12:20:01","2012-03-27 12:18:37","84","1332850717","0.01","0","1.01","0.01","0","1.03","25.56","36.06","0","0","0","0","95","cron"
"7856","2012-03-27 12:22:01","2012-03-27 12:20:36","85","1332850836","0.01","0","1.03","0.01","0","1.02","25.62","36.19","0","0","0","0","103","cron"
"7857","2012-03-27 12:24:02","2012-03-27 12:22:37","85","1332850957","0.01","0","1.02","0.01","0","1.02","25.56","36.06","0","0","0","0","101","cron"
"7858","2012-03-27 12:26:01","2012-03-27 12:24:36","85","1332851076","0.01","0","1","0.01","0","1.03","25.62","36.06","0","0","0","0","107","cron"
"7859","2012-03-27 12:28:02","2012-03-27 12:26:37","85","1332851197","0.01","0","0.99","0.01","0","1.02","25.56","36.13","0","0","0","0","88","cron"
"7860","2012-03-27 12:30:01","2012-03-27 12:28:36","85","1332851316","0.01","0","1","0.01","0","1.01","25.69","36.19","0","0","0","0","86","cron"
"7861","2012-03-27 12:32:02","2012-03-27 12:30:37","85","1332851437","0","0","1.02","0","0","1.02","25.62","36","0","0","0","0","87","cron"
"7862","2012-03-27 12:34:02","2012-03-27 12:32:36","85","1332851556","0.01","0","0.98","0","0","1","25.62","35.63","0","0","0","0","92","cron"
"7863","2012-03-27 12:36:01","2012-03-27 12:34:36","85","1332851676","0","0","1","0.01","0","1","25.56","35.75","0","0","0","0","100","cron"
"7864","2012-03-27 12:38:02","2012-03-27 12:36:36","86","1332851796","0.01","0","0.97","0","0","1","25.56","35.81","0","0","0","0","99","cron"
"7865","2012-03-27 12:40:01","2012-03-27 12:38:36","85","1332851916","0.01","0","1","0","0","1","25.56","35.56","0","0","0","0","86","cron"
"7866","2012-03-27 12:42:02","2012-03-27 12:40:36","86","1332852036","0.01","0","1.01","0","0","1","25.56","35.75","0","0","0","0","92","cron"
"7867","2012-03-27 12:44:02","2012-03-27 12:42:35","86","1332852155","0.01","4.93","1","0.01","0","1","25.62","35.56","0","0","0","0","95","cron"
"7868","2012-03-27 12:46:01","2012-03-27 12:44:35","86","1332852275","0","0","1.01","0.01","4.8","1.01","26","35.94","0","0","0","0","90","cron"
"7869","2012-03-27 12:48:02","2012-03-27 12:46:35","87","1332852395","0","0","1","0","1.69","1.01","25.94","36.13","0","0","0","0","98","cron"
"7870","2012-03-27 12:50:01","2012-03-27 12:48:35","86","1332852515","0","0","1.02","0.01","0","1.01","25.81","36","0","0","0","0","91","cron"
"7871","2012-03-27 12:52:02","2012-03-27 12:50:35","87","1332852635","0","0","1.02","0.01","0","1","25.87","36.06","0","0","0","0","87","cron"
"7872","2012-03-27 12:54:01","2012-03-27 12:52:35","86","1332852755","0.01","0","1.06","0.01","0","1","25.87","36.5","0","0","0","0","94","cron"
"7873","2012-03-27 12:56:01","2012-03-27 12:54:34","87","1332852874","0.01","0","1.02","0.01","0","1.02","25.94","36.5","0","0","0","0","87","cron"
"7874","2012-03-27 12:58:02","2012-03-27 12:56:35","87","1332852995","0","0","1.04","0.01","0","1.02","25.94","36.38","0","0","0","0","100","cron"
"7875","2012-03-27 13:00:01","2012-03-27 12:58:34","87","1332853114","0","0","1","0.01","0","1.02","26.12","36.31","0","0","0","0","84","cron"
"7876","2012-03-27 13:02:02","2012-03-27 13:00:35","87","1332853235","0.01","0","1","0.01","0","1","26","36.13","0","0","0","0","103","cron"
"7877","2012-03-27 13:04:01","2012-03-27 13:02:34","87","1332853354","0","0","0.98","0.01","0","0.99","25.87","36.19","0","0","0","0","98","cron"
"7878","2012-03-27 13:06:01","2012-03-27 13:04:33","88","1332853473","0.01","0","0.99","0.01","0","0.99","25.87","36.19","0","0","0","0","111","cron"
"7879","2012-03-27 13:08:02","2012-03-27 13:06:34","88","1332853594","0","0","1","0.01","0","1","25.87","36.06","0","0","0","0","100","cron"
"7880","2012-03-27 13:10:02","2012-03-27 13:08:33","89","1332853713","0","0","1.01","0.01","0","1","25.87","36.31","0","0","0","0","92","cron"
"7881","2012-03-27 13:12:01","2012-03-27 13:10:33","88","1332853833","0","0","0.98","0.01","0","1","25.87","36.06","0","0","0","0","89","cron"
"7882","2012-03-27 13:14:02","2012-03-27 13:12:33","89","1332853953","0","0","1.01","0.01","0","1.01","25.87","36.31","0","0","0","0","104","cron"
"7883","2012-03-27 13:16:01","2012-03-27 13:14:33","88","1332854073","0.01","0","0.98","0.01","0","1","25.81","36.25","0","0","0","0","86","cron"
"7884","2012-03-27 13:18:02","2012-03-27 13:16:33","89","1332854193","0.01","0","1.02","0.01","0","1","25.81","36.13","0","0","0","0","86","cron"
"7885","2012-03-27 13:20:02","2012-03-27 13:18:33","88","1332854313","0.01","0","0.8","0.01","0","1","25.87","36.19","0","0","0","0","108","cron"
"7886","2012-03-27 13:22:01","2012-03-27 13:20:32","89","1332854432","0.01","0","0.81","0.01","0","0.95","25.87","36.19","0","0","0","0","82","cron"
"7887","2012-03-27 13:24:02","2012-03-27 13:22:33","89","1332854553","0","4.3","0.81","0.01","0","0.79","25.94","36.31","0","0","0","0","93","cron"
"7888","2012-03-27 13:26:01","2012-03-27 13:24:32","89","1332854672","0.01","0","0.8","0.01","0.36","0.78","25.94","35.88","0","0","0","0","83","cron"
"7889","2012-03-27 13:28:02","2012-03-27 13:26:33","89","1332854793","0","0","0.77","0.01","4.36","0.79","26.12","36.25","0","0","0","0","87","cron"
"7890","2012-03-27 13:30:02","2012-03-27 13:28:32","89","1332854912","0","0","0.79","0.01","0","0.79","26.06","36.56","0","0","0","0","89","cron"
"7891","2012-03-27 13:32:01","2012-03-27 13:30:32","89","1332855032","0","0","0.8","0.01","0","0.78","26","36.44","0","0","0","0","95","cron"
"7892","2012-03-27 13:34:02","2012-03-27 13:32:32","90","1332855152","0","0","0.79","0.01","0","0.79","26","36.31","0","0","0","0","92","cron"
"7893","2012-03-27 13:36:01","2012-03-27 13:34:32","89","1332855272","0","0","0.8","0.01","0","0.79","25.94","36.19","0","0","0","0","87","cron"
"7894","2012-03-27 13:38:02","2012-03-27 13:36:32","90","1332855392","0.01","0","0.81","0.01","0","0.79","26","36.25","0","0","0","0","93","cron"
"7895","2012-03-27 13:40:01","2012-03-27 13:38:32","89","1332855512","0.01","0","0.78","0.01","0","0.79","25.94","36.25","0","0","0","0","102","cron"
"7896","2012-03-27 13:42:01","2012-03-27 13:40:31","90","1332855631","0.01","0","0.77","0.01","0","0.79","26","36.31","0","0","0","0","104","cron"
"7897","2012-03-27 13:44:02","2012-03-27 13:42:32","90","1332855752","0.01","0","0.79","0.01","0","0.8","25.94","36.44","0","0","0","0","80","cron"
"7898","2012-03-27 13:46:01","2012-03-27 13:44:31","90","1332855871","0","0","0.79","0.01","0","0.79","25.94","36.38","0","0","0","0","90","cron"
"7899","2012-03-27 13:48:02","2012-03-27 13:46:31","91","1332855991","0.01","0","0.79","0.01","0","0.79","26","36.06","0","0","0","0","94","cron"
"7900","2012-03-27 13:50:01","2012-03-27 13:48:31","90","1332856111","0.01","0","0.78","0.01","0","0.8","26.06","36.31","0","0","0","0","98","cron"
"7901","2012-03-27 13:52:02","2012-03-27 13:50:31","91","1332856231","0.01","0","0.77","0.01","0","0.79","26","36.31","0","0","0","0","81","cron"
"7902","2012-03-27 13:54:02","2012-03-27 13:52:31","90","1332856351","0","0","0.77","0.01","0","0.77","26","36.38","0","0","0","0","94","cron"
"7903","2012-03-27 13:56:01","2012-03-27 13:54:30","91","1332856470","0","0","0.79","0.01","0","0.77","26","36.31","0","0","0","0","104","cron"
"7904","2012-03-27 13:58:02","2012-03-27 13:56:31","91","1332856591","0","0","0.78","0.01","0","0.77","26.06","36.31","0","0","0","0","98","cron"
"7905","2012-03-27 14:00:01","2012-03-27 13:58:30","91","1332856710","0","0","0.82","0.01","0","0.78","26","36.44","0","0","0","0","100","cron"
"7906","2012-03-27 14:02:02","2012-03-27 14:00:31","91","1332856831","0","0","0.78","0.01","0","0.78","26","36.44","0","0","0","0","102","cron"
"7907","2012-03-27 14:04:01","2012-03-27 14:02:30","91","1332856950","0.01","0","0.78","0.01","0","0.78","26","36.56","0","0","0","0","78","cron"
"7908","2012-03-27 14:06:01","2012-03-27 14:04:29","92","1332857069","0","5.02","0.82","0.01","0","0.78","26.06","36.38","0","0","0","0","108","cron"
"7909","2012-03-27 14:08:02","2012-03-27 14:06:30","92","1332857190","0","0","0.81","0.01","3.18","0.79","26.19","36.56","0","0","0","0","106","cron"
"7910","2012-03-27 14:10:02","2012-03-27 14:08:29","93","1332857309","0.01","0","0.78","0.01","0.7","0.8","26.06","36.38","0","0","0","0","95","cron"
"7911","2012-03-27 14:12:01","2012-03-27 14:10:29","92","1332857429","0","0","0.8","0.01","0","0.8","26.06","36.5","0","0","0","0","84","cron"
"7912","2012-03-27 14:14:02","2012-03-27 14:12:29","93","1332857549","0.01","0","0.79","0.01","0","0.79","26","36.13","0","0","0","0","84","cron"
"7913","2012-03-27 14:16:01","2012-03-27 14:14:29","92","1332857669","0","0","0.81","0.01","0","0.79","26","36.19","0","0","0","0","83","cron"
"7914","2012-03-27 14:18:02","2012-03-27 14:16:29","93","1332857789","0","0","0.78","0.01","0","0.79","26","36.13","0","0","0","0","90","cron"
"7915","2012-03-27 14:20:02","2012-03-27 14:18:29","92","1332857909","0","0","0.81","0.01","0","0.79","25.94","36.13","0","0","0","0","102","cron"
"7916","2012-03-27 14:22:01","2012-03-27 14:20:28","93","1332858028","0","0","0.78","0.01","0","0.79","25.94","36.13","0","0","0","0","96","cron"
"7917","2012-03-27 14:24:02","2012-03-27 14:22:29","93","1332858149","0","0","0.8","0.01","0","0.79","25.94","36.38","0","0","0","0","106","cron"
"7918","2012-03-27 14:26:01","2012-03-27 14:24:28","93","1332858268","0.01","0","0.81","0.01","0","0.8","25.94","36.06","0","0","0","0","95","cron"
"7919","2012-03-27 14:28:02","2012-03-27 14:26:29","93","1332858389","0.01","0","0.8","0.01","0","0.79","25.94","36.25","0","0","0","0","91","cron"
"7920","2012-03-27 14:30:02","2012-03-27 14:28:28","93","1332858508","0","0","0.8","0.01","0","0.79","25.94","36.44","0","0","0","0","98","cron"
"7921","2012-03-27 14:32:01","2012-03-27 14:30:28","93","1332858628","0","0","0.8","0.01","0","0.79","25.94","35.94","0","0","0","0","75","cron"
"7922","2012-03-27 14:34:02","2012-03-27 14:32:28","94","1332858748","0.01","0","0.77","0.01","0","0.79","25.94","36.19","0","0","0","0","95","cron"
"7923","2012-03-27 14:36:01","2012-03-27 14:34:28","93","1332858868","0.01","0","0.8","0.01","0","0.79","25.94","36.19","0","0","0","0","95","cron"
"7924","2012-03-27 14:38:02","2012-03-27 14:36:28","94","1332858988","0","0","0.81","0.01","0","0.79","25.94","36.19","0","0","0","0","94","cron"
"7925","2012-03-27 14:40:01","2012-03-27 14:38:28","93","1332859108","0.01","0","0.79","0.01","0","0.79","25.94","36.25","0","0","0","0","109","cron"
"7926","2012-03-27 14:42:02","2012-03-27 14:40:28","94","1332859228","0.01","0","0.79","0.01","0","0.79","25.94","36.19","0","0","0","0","86","cron"
"7927","2012-03-27 14:44:02","2012-03-27 14:42:27","94","1332859347","0.01","0","0.79","0.01","0","0.79","25.94","36.25","0","0","0","0","85","cron"
"7928","2012-03-27 14:46:01","2012-03-27 14:44:27","94","1332859467","0","5.03","0.8","0.01","0","0.79","25.87","36.19","0","0","0","0","95","cron"
"7929","2012-03-27 14:48:02","2012-03-27 14:46:27","95","1332859587","0","0","0.78","0.01","2.27","0.79","26.12","36.44","0","0","0","0","98","cron"
"7930","2012-03-27 14:50:01","2012-03-27 14:48:27","94","1332859707","0","0","0.79","0.01","1.89","0.79","26.12","36.31","0","0","0","0","115","cron"
"7931","2012-03-27 14:52:02","2012-03-27 14:50:27","95","1332859827","0","0","0.76","0.01","0","0.79","26","36.31","0","0","0","0","109","cron"
"7932","2012-03-27 14:54:02","2012-03-27 14:52:27","94","1332859947","0.01","0","0.78","0.01","0","0.78","25.94","36.31","0","0","0","0","108","cron"
"7933","2012-03-27 14:56:01","2012-03-27 14:54:26","95","1332860066","0","0","0.77","0.01","0","0.78","26","36.13","0","0","0","0","95","cron"
"7934","2012-03-27 14:58:02","2012-03-27 14:56:27","95","1332860187","0","0","0.77","0.01","0","0.78","26","36.38","0","0","0","0","91","cron"
"7935","2012-03-27 15:00:01","2012-03-27 14:58:26","95","1332860306","0.01","0","0.78","0.01","0","0.78","26","36.38","0","0","0","0","90","cron"
"7936","2012-03-27 15:02:02","2012-03-27 15:00:27","95","1332860427","0","0","0.78","0.01","0","0.78","25.94","36.44","0","0","0","0","97","cron"
"7937","2012-03-27 15:04:01","2012-03-27 15:02:26","95","1332860546","0","0","0.79","0.01","0","0.78","25.94","36.31","0","0","0","0","88","cron"
"7938","2012-03-27 15:06:01","2012-03-27 15:04:25","96","1332860665","0.01","0","0.79","0.01","0","0.78","25.94","36.38","0","0","0","0","113","cron"
"7939","2012-03-27 15:08:02","2012-03-27 15:06:26","96","1332860786","0.01","0","0.79","0.01","0","0.79","26","36.31","0","0","0","0","96","cron"
"7940","2012-03-27 15:10:02","2012-03-27 15:08:25","97","1332860905","0.01","0","0.8","0.01","0","0.79","26","36.31","0","0","0","0","108","cron"
"7941","2012-03-27 15:12:01","2012-03-27 15:10:25","96","1332861025","0","0","0.81","0.01","0","0.79","26","36.19","0","0","0","0","99","cron"
"7942","2012-03-27 15:14:02","2012-03-27 15:12:25","97","1332861145","0","0","0.82","0.01","0","0.79","25.94","36.44","0","0","0","0","84","cron"
"7943","2012-03-27 15:16:01","2012-03-27 15:14:25","96","1332861265","0.01","0","0.78","0.01","0","0.8","26","36.31","0","0","0","0","103","cron"
"7944","2012-03-27 15:18:02","2012-03-27 15:16:25","97","1332861385","0","0","0.8","0.01","0","0.8","25.94","36.19","0","0","0","0","90","cron"
"7945","2012-03-27 15:20:02","2012-03-27 15:18:25","97","1332861505","0","0","0.78","0.01","0","0.78","25.94","36.25","0","0","0","0","92","cron"
"7946","2012-03-27 15:22:01","2012-03-27 15:20:24","97","1332861624","0","0","0.75","0.01","0","0.78","25.94","36.25","0","0","0","0","96","cron"
"7947","2012-03-27 15:24:02","2012-03-27 15:22:25","97","1332861745","0","0","0.78","0.01","0","0.78","25.94","36.25","0","0","0","0","92","cron"
"7948","2012-03-27 15:26:01","2012-03-27 15:24:24","97","1332861864","0","4.31","0.79","0.01","0","0.78","25.94","36.38","0","0","0","0","83","cron"
"7949","2012-03-27 15:28:02","2012-03-27 15:26:25","97","1332861985","0.01","0","0.76","0.01","0.31","0.78","26.06","36.19","0","0","0","0","88","cron"
"7950","2012-03-27 15:30:02","2012-03-27 15:28:24","98","1332862104","0","0","0.8","0.01","4.1","0.78","26.19","36.25","0","0","0","0","98","cron"
"7951","2012-03-27 15:32:01","2012-03-27 15:30:24","97","1332862224","0.01","0","0.8","0.01","0","0.78","26.12","36.25","0","0","0","0","93","cron"
"7952","2012-03-27 15:34:02","2012-03-27 15:32:24","98","1332862344","0","0","0.79","0.01","0","0.79","26.06","36.25","0","0","0","0","81","cron"
"7953","2012-03-27 15:36:01","2012-03-27 15:34:24","97","1332862464","0","0","0.78","0.01","0","0.79","26.06","36.31","0","0","0","0","93","cron"
"7954","2012-03-27 15:38:02","2012-03-27 15:36:24","98","1332862584","0.01","0","0.78","0.01","0","0.79","26.06","36.44","0","0","0","0","92","cron"
"7955","2012-03-27 15:40:02","2012-03-27 15:40:01","1","1332862801","0","0","0.79","0.01","0","0.79","26.06","36.38","0","0","0","0","75","cron"
"7956","2012-03-27 15:42:01","2012-03-27 15:42:00","1","1332862920","0","0","0.76","0.01","0","0.79","26.06","36.5","0","0","0","0","99","cron"
"7957","2012-03-27 15:44:02","2012-03-27 15:44:01","1","1332863041","0","0","0.79","0.01","0","0.79","26","36.44","0","0","0","0","110","cron"
"7958","2012-03-27 15:46:01","2012-03-27 15:46:00","1","1332863160","0","0","0.79","0.01","0","0.79","26.06","36.69","0","0","0","0","97","cron"
"7959","2012-03-27 15:48:02","2012-03-27 15:48:01","1","1332863281","0.01","0","0.77","0.01","0","0.79","26","36.44","0","0","0","0","94","cron"
"7960","2012-03-27 15:50:02","2012-03-27 15:50:00","1","1332863400","0","0","0.76","0.01","0","0.78","26.06","36.44","0","0","0","0","106","cron"
"7961","2012-03-27 15:52:01","2012-03-27 15:52:00","1","1332863520","0","0","0.77","0.01","0","0.78","26.06","36.56","0","0","0","0","93","cron"
"7962","2012-03-27 15:54:02","2012-03-27 15:54:00","2","1332863640","0","0","0.79","0.01","0","0.78","26.12","36.5","0","0","0","0","116","cron"
"7963","2012-03-27 15:56:01","2012-03-27 15:55:59","2","1332863759","0","0","0.76","0.01","0","0.78","26.12","36.5","0","0","0","0","87","cron"
"7964","2012-03-27 15:58:02","2012-03-27 15:58:00","2","1332863880","0","0","0.77","0.01","0","0.78","26.06","36.56","0","0","0","0","102","cron"
"7965","2012-03-27 16:00:02","2012-03-27 16:00:00","1","1332864000","0","0","0.8","0.01","0","0.78","26.12","36.63","0","0","0","0","77","cron"
"7966","2012-03-27 16:02:01","2012-03-27 16:01:59","2","1332864119","0.01","0","0.79","0.01","0","0.78","26.12","36.5","0","0","0","0","86","cron"
"7967","2012-03-27 16:04:02","2012-03-27 16:03:59","3","1332864239","0.01","0","0.79","0.01","0","0.78","26","36.44","0","0","0","0","107","cron"
"7968","2012-03-27 16:06:02","2012-03-27 16:05:58","3","1332864358","0.01","0","0.77","0.01","0","0.78","26.06","36.25","0","0","0","0","93","cron"
"7969","2012-03-27 16:08:01","2012-03-27 16:07:58","3","1332864478","0.01","5.03","0.8","0.01","0","0.78","26","36.38","0","0","0","0","89","cron"
"7970","2012-03-27 16:10:02","2012-03-27 16:09:59","3","1332864599","0.01","0","0.78","0.01","2.6","0.79","26.31","36.63","0","0","0","0","82","cron"
"7971","2012-03-27 16:12:01","2012-03-27 16:11:58","3","1332864718","0.01","0","0.79","0.01","2.48","0.79","26.25","36.56","0","0","0","0","91","cron"
"7972","2012-03-27 16:14:02","2012-03-27 16:13:58","4","1332864838","0.01","0","0.76","0.01","0","0.79","26.12","36.56","0","0","0","0","93","cron"
"7973","2012-03-27 16:16:01","2012-03-27 16:15:58","3","1332864958","0.01","0","0.79","0.01","0","0.79","26.12","36.5","0","0","0","0","98","cron"
"7974","2012-03-27 16:18:01","2012-03-27 16:17:57","4","1332865077","0.01","0","0.8","0.01","0","0.8","26.12","36.75","0","0","0","0","94","cron"
"7975","2012-03-27 16:20:02","2012-03-27 16:19:58","4","1332865198","0.01","0","0.77","0.01","0","0.79","26.12","36.5","0","0","0","0","77","cron"
"7976","2012-03-27 16:22:01","2012-03-27 16:21:57","4","1332865317","0.02","0","0.8","0.01","0","0.79","26.19","36.38","0","0","0","0","94","cron"
"7977","2012-03-27 16:24:02","2012-03-27 16:23:58","4","1332865438","0.01","0","0.79","0.01","0","0.79","26.19","36.56","0","0","0","0","81","cron"
"7978","2012-03-27 16:26:01","2012-03-27 16:25:57","4","1332865557","0.01","0","0.79","0.01","0","0.79","26.12","36.5","0","0","0","0","102","cron"
"7979","2012-03-27 16:28:01","2012-03-27 16:27:57","4","1332865677","0.01","0","0.78","0.01","0","0.79","26.06","36.44","0","0","0","0","78","cron"
"7980","2012-03-27 16:30:02","2012-03-27 16:29:57","5","1332865797","0.01","0","0.79","0.01","0","0.79","26.12","36.5","0","0","0","0","93","cron"
"7981","2012-03-27 16:32:01","2012-03-27 16:31:57","4","1332865917","0","0","1.02","0.01","0","0.79","26.12","36.56","0","0","0","0","107","cron"
"7982","2012-03-27 16:34:02","2012-03-27 16:33:57","5","1332866037","0","0","1","0.01","0","0.89","26.12","36.5","0","0","0","0","102","cron"
"7983","2012-03-27 16:36:04","2012-03-27 16:35:59","4","1332866159","0.01","0","1","0.01","0","1.01","26.37","36.56","0","0","0","0","98","cron"
"7984","2012-03-27 16:38:01","2012-03-27 16:37:56","5","1332866276","0.01","0","1","0.01","0","1.01","26.06","36.69","0","0","0","0","96","cron"
"7985","2012-03-27 16:40:02","2012-03-27 16:39:57","5","1332866397","0","0","1","0.01","0","1.01","26.06","36.75","0","0","0","0","83","cron"
"7986","2012-03-27 16:42:02","2012-03-27 16:41:57","5","1332866517","0","0","0.98","0.01","0","1.01","26.06","36.75","0","0","0","0","91","cron"
"7987","2012-03-27 16:44:02","2012-03-27 16:43:57","5","1332866637","0","0","1.03","0.01","0","1.02","26.12","36.81","0","0","0","0","95","cron"
"7988","2012-03-27 16:46:01","2012-03-27 16:45:56","5","1332866756","0","0","0.98","0.01","0","1.01","26.12","36.88","0","0","0","0","87","cron"
"7989","2012-03-27 16:48:02","2012-03-27 16:47:57","5","1332866877","0","0","1.01","0","0","1","26.25","37","0","0","0","0","104","cron"
"7990","2012-03-27 16:50:02","2012-03-27 16:49:56","6","1332866996","0.01","4.99","1.01","0.01","0","1","26.25","37","0","0","0","0","60","cron"
"7991","2012-03-27 16:52:01","2012-03-27 16:51:56","5","1332867116","0","0","0.97","0.01","3.29","1.01","26.69","37.13","0","0","0","0","89","cron"
"7992","2012-03-27 16:54:02","2012-03-27 16:54:01","1","1332867241","0","0","1.01","0","0","0","26.44","37.31","0","0","0","0","47","cron"
"7993","2012-03-27 16:56:01","2012-03-27 16:56:01","0","1332867361","0","0","1","0.01","0.01","0.98","26.37","37.44","0","0","0","0","160","cron"
"7994","2012-03-27 16:58:02","2012-03-27 16:58:01","1","1332867481","0","0","0.98","0.01","0","0.99","26.5","37.44","0","0","0","0","93","cron"
"7995","2012-03-27 17:00:02","2012-03-27 17:00:01","1","1332867601","0","0","0.98","0.01","0","0.99","26.5","37.19","0","0","0","0","86","cron"
"7996","2012-03-27 17:02:01","2012-03-27 17:02:00","1","1332867720","0","0","1","0.01","0","0.99","26.5","37.19","0","0","0","0","92","cron"
"7997","2012-03-27 17:04:02","2012-03-27 17:04:01","1","1332867841","0.01","0","1.04","0","0","0.99","26.56","37.38","0","0","0","0","83","cron"
"7998","2012-03-27 17:06:02","2012-03-27 17:06:00","2","1332867960","0","0","0.99","0.01","0","0.99","26.5","37.31","0","0","0","0","100","cron"
"7999","2012-03-27 17:08:01","2012-03-27 17:07:59","2","1332868079","0","0","0.99","0.01","0","0.99","26.5","37.19","0","0","0","0","89","cron"
"8000","2012-03-27 17:10:02","2012-03-27 17:10:00","2","1332868200","0","0","0.98","0.01","0","0.99","26.44","37.19","0","0","0","0","104","cron"
"8001","2012-03-27 17:12:01","2012-03-27 17:11:59","2","1332868319","0","0","0.97","0.01","0","0.99","26.25","37.25","0","0","0","0","81","cron"
"8002","2012-03-27 17:14:01","2012-03-27 17:13:59","2","1332868439","0","0","0.99","0.01","0","0.98","26.31","37.38","0","0","0","0","94","cron"
"8003","2012-03-27 17:16:02","2012-03-27 17:15:59","3","1332868559","0.01","0","0.98","0.01","0","0.98","26.37","37.31","0","0","0","0","95","cron"
"8004","2012-03-27 17:18:01","2012-03-27 17:17:59","2","1332868679","0.01","0","0.98","0.01","0","0.98","26.37","37.31","0","0","0","0","101","cron"
"8005","2012-03-27 17:20:02","2012-03-27 17:19:59","3","1332868799","0.01","0","0.96","0.01","0","0.98","26.31","37.38","0","0","0","0","98","cron"
"8006","2012-03-27 17:22:01","2012-03-27 17:21:59","2","1332868919","0.01","0","0.95","0.01","0","0.98","26.5","37.19","0","0","0","0","104","cron"
"8007","2012-03-27 17:24:02","2012-03-27 17:23:59","3","1332869039","0","0","0.98","0.01","0","0.98","26.44","37.19","0","0","0","0","107","cron"
"8008","2012-03-27 17:26:02","2012-03-27 17:25:58","3","1332869158","0","0","0.99","0.01","0","0.98","26.37","36.88","0","0","0","0","97","cron"
"8009","2012-03-27 17:28:01","2012-03-27 17:27:58","3","1332869278","0.91","0","0.99","0.01","0","0.98","26.44","29.37","0","0","0","0","96","cron"
"8010","2012-03-27 17:30:02","2012-03-27 17:29:58","4","1332869398","0.87","5.02","1.03","0.58","0","0.99","26.44","28.06","0","0","0","0","100","cron"
"8011","2012-03-27 17:32:01","2012-03-27 17:31:58","3","1332869518","0.9","0","1","0.82","3.58","1","26.44","27.87","0","0","0","0","96","cron"
"8012","2012-03-27 17:34:02","2012-03-27 17:33:58","4","1332869638","0.9","0","1","0.81","0.24","0.99","26.31","31.31","0","0","0","0","86","cron"
"8013","2012-03-27 17:36:02","2012-03-27 17:35:58","3","1332869758","0.87","0","0.98","0.81","0","0.99","26.31","31.69","0","0","0","0","96","cron"
"8014","2012-03-27 17:38:01","2012-03-27 17:37:57","4","1332869877","0.89","0","0.99","0.81","0","0.99","26.31","31.69","0","0","0","0","91","cron"
"8015","2012-03-27 17:40:02","2012-03-27 17:39:58","4","1332869998","0.85","0","0.99","0.81","0","0.99","26.31","31.75","0","0","0","0","104","cron"
"8016","2012-03-27 17:42:01","2012-03-27 17:41:57","4","1332870117","0.87","0","0.99","0.81","0","0.99","26.37","31.5","0","0","0","0","104","cron"
"8017","2012-03-27 17:44:02","2012-03-27 17:43:58","4","1332870238","0.86","0","0.94","0.81","0","0.99","26.31","31.31","0","0","0","0","87","cron"
"8018","2012-03-27 17:46:02","2012-03-27 17:45:57","5","1332870357","0.85","0","0.96","0.81","0","1","26.37","31.5","0","0","0","0","99","cron"
"8019","2012-03-27 17:48:01","2012-03-27 17:47:57","4","1332870477","0.84","0","0.99","0.81","0","0.99","26.37","31.5","0","0","0","0","102","cron"
"8020","2012-03-27 17:50:02","2012-03-27 17:49:57","5","1332870597","0.86","0","1","0.81","0","0.99","26.5","31.44","0","0","0","0","90","cron"
"8021","2012-03-27 17:52:01","2012-03-27 17:51:57","4","1332870717","0.9","0","0.99","0.81","0","0.99","26.62","31.81","0","0","0","0","81","cron"
"8022","2012-03-27 17:54:01","2012-03-27 17:53:56","5","1332870836","0.89","0","0.98","0.81","0","0.99","26.75","31.75","0","0","0","0","90","cron"
"8023","2012-03-27 17:56:02","2012-03-27 17:55:57","5","1332870957","0.9","0","1.01","0.81","0","0.99","26.81","31.87","0","0","0","0","97","cron"
"8024","2012-03-27 17:58:01","2012-03-27 17:57:56","5","1332871076","0.91","0","1","0.81","0","0.99","26.75","31.69","0","0","0","0","76","cron"
"8025","2012-03-27 18:00:02","2012-03-27 17:59:57","5","1332871197","0.88","0","1.02","0.81","0","1","26.87","32.06","0","0","0","0","99","cron"
"8026","2012-03-27 18:02:07","2012-03-27 18:02:01","5","1332871321","0.82","0","1","0.81","0","0.99","26.94","31.94","0","0","0","0","106","cron"
"8027","2012-03-27 18:04:11","2012-03-27 18:04:04","6","1332871444","0.85","0","0.99","0.83","0","0.99","26.94","32.13","0","0","0","0","107","cron"
"8028","2012-03-27 18:06:08","2012-03-27 18:06:02","6","1332871562","0.82","0","1.02","0.82","0","0.99","27","32.06","0","0","0","0","89","cron"
"8029","2012-03-27 18:08:04","2012-03-27 18:07:58","6","1332871678","0.82","0","1.02","0.83","0","0.99","27.06","32.13","0","0","0","0","97","cron"
"8030","2012-03-27 18:10:02","2012-03-27 18:09:55","7","1332871795","0.95","5.05","0.99","0.83","0","0.99","27.06","32.06","0","0","0","0","91","cron"
"8031","2012-03-27 18:12:02","2012-03-27 18:11:55","6","1332871915","0.91","0","0.99","0.82","3.15","0.99","27.25","32.19","0","0","0","0","83","cron"
"8032","2012-03-27 18:14:02","2012-03-27 18:13:55","7","1332872035","0.91","0","1","0.84","2.05","1","27.31","32.44","0","0","0","0","104","cron"
"8033","2012-03-27 18:16:01","2012-03-27 18:15:55","6","1332872155","0.9","0","0.98","0.82","0","0.99","27.31","32.56","0","0","0","0","115","cron"
"8034","2012-03-27 18:18:02","2012-03-27 18:17:55","7","1332872275","0.87","0","0.97","0.83","0","0.99","27.31","32.44","0","0","0","0","89","cron"
